,GANBLR++-LR,GANBLR++-MLP,GANBLR++-RF,GANBLR++-XGB,GANBLR++-AVG,GANBLR-LR,GANBLR-MLP,GANBLR-RF,GANBLR-XGB,GANBLR-AVG,CTGAN-LR,CTGAN-MLP,CTGAN-RF,CTGAN-XGB,CTGAN-AVG,CTABGAN-LR,CTABGAN-MLP,CTABGAN-RF,CTABGAN-XGB,CTABGAN-AVG,NB-LR,NB-MLP,NB-RF,NB-XGB,NB-AVG,RLiG-LR,RLiG-MLP,RLiG-RF,RLiG-AVG,GREAT-LR,GREAT-MLP,GREAT-RF,GREAT-XGB,GREAT-AVG,TABSYN-LR,TABSYN-MLP,TABSYN-RF,TABSYN-XGB,TABSYN-AVG
Loan,0.9186351706036745,0.9033245844269467,0.9037620297462817,0.9146981627296588,0.9101049868766404,0.9173228346456693,0.9133858267716536,0.8972003499562554,0.9081364829396326,0.9090113735783026,0.6430446194225722,0.5708661417322834,0.5901137357830272,0.5144356955380578,0.5796150481189851,0.8490813648293963,0.8556430446194225,0.8241469816272966,0.8385826771653543,0.8418635170603674,0.5721784776902887,0.5721784776902887,0.5721784776902887,0.5721784776902887,0.5721784776902887,0.9186351706036745,0.8989501312335958,0.89501312335958,0.9041994750656167,0.24540682414698164,0.2974628171478565,0.19422572178477693,0.24934383202099739,0.24660979877515313,0.6561679790026247,0.6097987751531059,0.5826771653543307,0.5984251968503937,0.6117672790901137
