,GANBLR++-LR,GANBLR++-MLP,GANBLR++-RF,GANBLR++-XGB,GANBLR++-AVG,GANBLR-LR,GANBLR-MLP,GANBLR-RF,GANBLR-XGB,GANBLR-AVG,CTGAN-LR,CTGAN-MLP,CTGAN-RF,CTGAN-XGB,CTGAN-AVG,NB-LR,NB-MLP,NB-RF,NB-XGB,NB-AVG,RLiG-LR,RLiG-MLP,RLiG-RF,RLiG-AVG,GREAT-LR,GREAT-MLP,GREAT-RF,GREAT-XGB,GREAT-AVG,TABSYN-LR,TABSYN-MLP,TABSYN-RF,TABSYN-XGB,TABSYN-AVG
TicTacToe,0.8451443569553806,0.863517060367454,0.8442694663167104,0.8398950131233596,0.8482064741907261,0.8595800524934383,0.8678915135608049,0.8407699037620296,0.8556430446194225,0.8559711286089238,0.5721784776902887,0.5656167979002625,0.6093613298337708,0.6482939632545932,0.5988626421697288,0.5721784776902887,0.5721784776902887,0.5721784776902887,0.5721784776902887,0.5721784776902887,0.8832020997375327,0.873578302712161,0.879265091863517,0.878681831437737,0.5708661417322834,0.5708661417322834,0.5144356955380577,0.5603674540682415,0.5541338582677166,0.4435695538057743,0.4881889763779528,0.4540682414698163,0.4304461942257218,0.4540682414698163
Chess,0.6822916666666666,0.6666666666666666,0.6475694444444445,0.65625,0.6631944444444445,0.7291666666666666,0.6701388888888888,0.6684027777777778,0.6510416666666666,0.6796875,0.609375,0.65625,0.5902777777777778,0.5520833333333334,0.6019965277777778,0.6510416666666666,0.6510416666666666,0.6510416666666666,0.6510416666666666,0.6510416666666666,0.6892361111111112,0.7690972222222222,0.7743055555555557,0.7442129629629629,0.3177083333333333,0.28125,0.2899305555555556,0.2916666666666667,0.2951388888888889,0.640625,0.6475694444444443,0.5746527777777778,0.5572916666666666,0.6050347222222222
