,GANBLR++,GANBLR,CTGAN,CTABGAN,NB,RLiG,GREAT,TABSYN
Chess,1.9444297949473064,2.116647720336914,3.503694693247477,2.219424327214559,36.151489893595375,8.402438879013062,3.9881900946299234,3.2774766286214194
