,GANBLR++,GANBLR,CTGAN,CTABGAN,NB,RLIG,GREAT,DIST_SAMPL
NSL-KDD,0.40149426460266113,4.522979021072388,11.174428224563599,12.543705463409424,0.00400233268737793,29.9697585105896,694.2737832069397,0.026961565017700195
