,RLIG,GANBLR,GANBLR++,CTGAN,CTABGAN,NB,GREAT,DIST_SAMPL
Nursery,30.1545729637146,4.848116636276245,0.4609994888305664,24.66855525970459,30.269983768463135,0.0039975643157958984,684.1535720825195,0.048003435134887695
