,GANBLR++-LR,GANBLR++-MLP,GANBLR++-RF,GANBLR++-XGB,GANBLR++-AVG,GANBLR-LR,GANBLR-MLP,GANBLR-RF,GANBLR-XGB,GANBLR-AVG,CTGAN-LR,CTGAN-MLP,CTGAN-RF,CTGAN-XGB,CTGAN-AVG,CTABGAN-LR,CTABGAN-MLP,CTABGAN-RF,CTABGAN-XGB,CTABGAN-AVG,NB-LR,NB-MLP,NB-RF,NB-XGB,NB-AVG,RLIG-LR,RLIG-MLP,RLIG-RF,RLIG-XGB,RLIG-AVG,GREAT-LR,GREAT-MLP,GREAT-RF,GREAT-XGB,GREAT-AVG,DIST_SAMPL-LR,DIST_SAMPL-MLP,DIST_SAMPL-RF,DIST_SAMPL-XGB,DIST_SAMPL-AVG
Nursery,0.862992125984252,0.8874890638670166,0.8677165354330708,0.8595800524934383,0.8694444444444445,0.8753280839895013,0.8902012248468942,0.8531058617672791,0.8671916010498689,0.8714566929133857,0.4178477690288714,0.42519685039370075,0.536832895888014,0.39160104986876637,0.44286964129483813,0.8934383202099738,0.8923009623797024,0.8909886264216973,0.8986876640419948,0.8938538932633421,0.5721784776902887,0.5670166229221347,0.5721784776902887,0.5721784776902887,0.5708880139982503,0.7703412073490815,0.7770778652668416,0.6128608923884514,0.6251968503937009,0.6963692038495188,0.5695538057742782,0.5711286089238845,0.49763779527559054,0.5519685039370079,0.5475721784776902,0.4398950131233595,0.5213473315835521,0.4574803149606299,0.4380577427821522,0.4641951006124234
