,GANBLR++,GANBLR,CTGAN,CTABGAN,NB,RLiG,GREAT,TABSYN
Rice,1.9952044486999512,2.23215913772583,3.5953048865000405,2.215287446975708,36.37941988309225,9.433789014816284,3.8300811449686685,3.2860095500946045
Car,0.9590692520141602,0.9886581103006998,0.9451310634613037,0.9236737887064616,0.9768656889597574,12.86816922823588,1.2006720701853435,0.8857191403706869
