,GANBLR++,GANBLR,CTGAN,CTABGAN,NB,RLIG,GREAT,DIST_SAMPL
NSL-KDD,0.43315744400024414,4.823525667190552,24.389822244644165,31.92871928215027,0.00501561164855957,30.974098205566406,708.243287563324,0.06560516357421875
