,GANBLR++,GANBLR,CTGAN,CTABGAN,NB,RLiG,GREAT,TABSYN
letter_rocog,2.093276341756185,1.9034008185068767,3.2189009189605713,2.139268080393473,37.59575589497884,9.004622300465902,3.6093504428863525,3.355140447616577
