,GANBLR++,GANBLR,CTGAN,CTABGAN,NB,RLiG,GREAT,TABSYN
Connect-4,1.9125336805979412,1.9962108135223389,3.262897173563639,2.2544070879618325,35.72123416264852,9.269635995229086,3.8829585711161294,3.414193312327067
