,GANBLR++,GANBLR,CTGAN,CTABGAN,NB,GREAT,TABSYN
Rice,57.98175303141276,61.296160300572716,91.75925254821777,88.62675126393636,90.58533660570781,0.16222294171651205,95.24264621734619
