,GANBLR++,GANBLR,NB
Rice,-32549.32226656169,-19753.378793049178,2905.1230058842025
