,RLIG,GANBLR,GANBLR++,CTGAN,CTABGAN,NB,GREAT,DIST_SAMPL
'Maternal,30.018414735794067,4.843114137649536,0.4290022850036621,24.747174501419067,30.261786222457886,0.0040552616119384766,683.1836552619934,0.04100966453552246
Health',28.53682827949524,4.840184688568115,0.6030161380767822,12.003520965576172,6.210181713104248,0.00499725341796875,173.41844773292542,0.01196742057800293
