,GANBLR++,GANBLR,CTGAN,CTABGAN,NB,GREAT,TABSYN
Adult,58.081026554107666,61.29306960105896,91.70104726155598,90.70843021074931,87.94135904312134,0.158005952835083,93.68951948483785
