,GANBLR++,GANBLR,CTGAN,CTABGAN,NB,RLIG,GREAT,DIST_SAMPL
Loan,0.4187815189361572,4.864028215408325,24.627224922180176,30.769632816314697,0.003995180130004883,30.58527159690857,696.5121853351593,0.04117941856384277
