,GANBLR++,GANBLR,CTGAN,CTABGAN,NB,RLiG,GREAT,TABSYN
letter_rocog,1.9867076873779297,1.8989020188649495,3.2478474775950112,2.014418919881185,35.72979847590128,8.620070695877075,2.107297976811727,3.349114100138346
