,GANBLR++-LR,GANBLR++-MLP,GANBLR++-RF,GANBLR++-XGB,GANBLR++-AVG,GANBLR-LR,GANBLR-MLP,GANBLR-RF,GANBLR-XGB,GANBLR-AVG,CTGAN-LR,CTGAN-MLP,CTGAN-RF,CTGAN-XGB,CTGAN-AVG,CTABGAN-LR,CTABGAN-MLP,CTABGAN-RF,CTABGAN-XGB,CTABGAN-AVG,NB-LR,NB-MLP,NB-RF,NB-XGB,NB-AVG,RLIG-LR,RLIG-MLP,RLIG-RF,RLIG-XGB,RLIG-AVG,GREAT-LR,GREAT-MLP,GREAT-RF,GREAT-XGB,GREAT-AVG,DIST_SAMPL-LR,DIST_SAMPL-MLP,DIST_SAMPL-RF,DIST_SAMPL-XGB,DIST_SAMPL-AVG
Adult,0.862992125984252,0.883639545056868,0.8659667541557305,0.8595800524934383,0.8680446194225722,0.8753280839895013,0.8856517935258092,0.8501312335958006,0.8671916010498689,0.8695756780402449,0.4178477690288714,0.42677165354330704,0.5555555555555555,0.39160104986876637,0.4479440069991251,0.8939632545931758,0.8923009623797026,0.8718285214348208,0.8824146981627297,0.8851268591426072,0.5721784776902887,0.5721784776902887,0.5721784776902887,0.5721784776902887,0.5721784776902887,0.7703412073490815,0.7648293963254593,0.6288713910761156,0.6251968503937009,0.6973097112860893,0.5695538057742782,0.5696412948381453,0.5008748906386701,0.5540682414698163,0.5485345581802274,0.4398950131233595,0.5387576552930884,0.48363954505686785,0.4380577427821522,0.475087489063867
