,RLIG,GANBLR,GANBLR++,CTGAN,CTABGAN,NB,GREAT,DIST_SAMPL
Adult,31.465360164642334,4.891122817993164,0.44901132583618164,24.16623592376709,30.205256700515747,0.0029828548431396484,687.0044419765472,0.029012203216552734
