,GANBLR++-LR,GANBLR++-MLP,GANBLR++-RF,GANBLR++-XGB,GANBLR++-AVG,GANBLR-LR,GANBLR-MLP,GANBLR-RF,GANBLR-XGB,GANBLR-AVG,CTGAN-LR,CTGAN-MLP,CTGAN-RF,CTGAN-XGB,CTGAN-AVG,CTABGAN-LR,CTABGAN-MLP,CTABGAN-RF,CTABGAN-XGB,CTABGAN-AVG,NB-LR,NB-MLP,NB-RF,NB-XGB,NB-AVG,RLiG-LR,RLiG-MLP,RLiG-RF,RLiG-AVG,GREAT-LR,GREAT-MLP,GREAT-RF,GREAT-XGB,GREAT-AVG,TABSYN-LR,TABSYN-MLP,TABSYN-RF,TABSYN-XGB,TABSYN-AVG
Connect-4,0.9133858267716536,0.899387576552931,0.8976377952755904,0.910761154855643,0.9052930883639544,0.9173228346456693,0.9076990376202975,0.894575678040245,0.9081364829396326,0.906933508311461,0.6430446194225722,0.5643044619422573,0.5905511811023622,0.5144356955380578,0.5780839895013123,0.863517060367454,0.8779527559055117,0.8162729658792651,0.8215223097112861,0.8448162729658794,0.5721784776902887,0.5774278215223098,0.5721784776902887,0.5721784776902887,0.573490813648294,0.8985126859142607,0.8867016622922135,0.8897637795275591,0.8916593759113444,0.24540682414698164,0.284339457567804,0.19816272965879267,0.24934383202099739,0.2443132108486439,0.6561679790026247,0.6255468066491688,0.5861767279090113,0.5984251968503937,0.6165791776027997
