,GANBLR++,GANBLR,NB,RLiG
Connect-4,-26914.358343632484,-29946.08275462729,3378.5593713583908,-40461.71430670913
