,GANBLR++-LR,GANBLR++-MLP,GANBLR++-RF,GANBLR++-XGB,GANBLR++-AVG,GANBLR-LR,GANBLR-MLP,GANBLR-RF,GANBLR-XGB,GANBLR-AVG,CTGAN-LR,CTGAN-MLP,CTGAN-RF,CTGAN-XGB,CTGAN-AVG,CTABGAN-LR,CTABGAN-MLP,CTABGAN-RF,CTABGAN-XGB,CTABGAN-AVG,NB-LR,NB-MLP,NB-RF,NB-XGB,NB-AVG,RLIG-LR,RLIG-MLP,RLIG-RF,RLIG-XGB,RLIG-AVG,GREAT-LR,GREAT-MLP,GREAT-RF,GREAT-XGB,GREAT-AVG,DIST_SAMPL-LR,DIST_SAMPL-MLP,DIST_SAMPL-RF,DIST_SAMPL-XGB,DIST_SAMPL-AVG
Rice,0.862992125984252,0.8856517935258092,0.8659667541557305,0.8595800524934383,0.8685476815398075,0.8753280839895013,0.8935258092738408,0.8544181977252844,0.8671916010498689,0.8726159230096239,0.4178477690288714,0.4271216097987751,0.5339457567804023,0.39160104986876637,0.4426290463692038,0.8939632545931758,0.8944881889763779,0.8708661417322835,0.879790026246719,0.8847769028871392,0.5721784776902887,0.5721784776902887,0.5721784776902887,0.5721784776902887,0.5721784776902887,0.7703412073490815,0.7769903762029746,0.6071741032370953,0.6251968503937009,0.694925634295713,0.5695538057742782,0.5691163604549431,0.49868766404199477,0.5540682414698163,0.547856517935258,0.4398950131233595,0.5131233595800525,0.4670166229221347,0.4380577427821522,0.4645231846019247
