,RLIG,GANBLR,GANBLR++,CTGAN,CTABGAN,NB,GREAT,DIST_SAMPL
Rice,30.585527896881104,5.003101587295532,0.39270591735839844,24.30539560317993,30.73175287246704,0.0029993057250976562,686.4115402698517,0.03201580047607422
