,GANBLR++,GANBLR,CTGAN,NB,RLiG,GREAT,TABSYN
Connect-4,1.422741413116455,1.3256829579671223,2.0351264476776123,13.499659458796183,6.3801562786102295,1.2603594462076824,1.7979005177815754