,GANBLR++,GANBLR,NB,RLiG
Connect-4,-16082.72883,-17059.40237,2523.945383819128,-23360.01368