,GANBLR++-LR,GANBLR++-MLP,GANBLR++-RF,GANBLR++-XGB,GANBLR++-AVG,GANBLR-LR,GANBLR-MLP,GANBLR-RF,GANBLR-XGB,GANBLR-AVG,CTGAN-LR,CTGAN-MLP,CTGAN-RF,CTGAN-XGB,CTGAN-AVG,NB-LR,NB-MLP,NB-RF,NB-XGB,NB-AVG,RLiG-LR,RLiG-MLP,RLiG-RF,RLiG-AVG,GREAT-LR,GREAT-MLP,GREAT-RF,GREAT-XGB,GREAT-AVG,TABSYN-LR,TABSYN-MLP,TABSYN-RF,TABSYN-XGB,TABSYN-AVG
Connect-4,0.8451443569553806,0.86351706,0.8442694663167104,0.8412073490813649,0.8485345581802276,0.8595800524934383,0.8678915135608049,0.8407699037620296,0.858267717,0.8566272965879266,0.5288713910761155,0.5306211723534558,0.47287839020122485,0.44488188976377946,0.4943132108486439,0.5721784776902887,0.5713035870516185,0.5721784776902887,0.5721784776902887,0.5719597550306211,0.8748906386701663,0.8810148731408574,0.8827646544181977,0.8795567220764071,0.5616797900262467,0.5774278215223098,0.5323709536307961,0.552493438,0.5559930008748907,0.4435695538057743,0.4794400699912511,0.4886264216972879,0.4304461942257218,0.4605205599300088