,TABDIFF-LR,TABDIFF-MLP,TABDIFF-RF,TABDIFF-XGB,TABDIFF-AVG
room_occupancy,0.13376110562685095,0.5641658440276407,0.27706482395524845,0.3741362290227048,0.3372820006581112
