,TABDIFF-LR,TABDIFF-MLP,TABDIFF-RF,TABDIFF-XGB,TABDIFF-AVG
connect4,0.09613676731793959,0.12569074402999802,0.1710331557134399,0.13854351687388988,0.13285104598381683
