,GANBLR++,GANBLR,CTGAN,CTABGAN,NB,RLIG,GREAT,DIST_SAMPL
Rice,0.40784764289855957,5.4244396686553955,11.927295446395874,12.968757629394531,0.003545045852661133,30.626951932907104,686.5851106643677,0.031537532806396484
