,GANBLR++,GANBLR,CTGAN,CTABGAN,NB,RLIG,GREAT,DIST_SAMPL
Car,0.497234582901001,4.932631015777588,26.49610662460327,32.307138204574585,0.0050048828125,30.19929003715515,699.0051543712616,0.03101634979248047
