,GANBLR++-LR,GANBLR++-MLP,GANBLR++-RF,GANBLR++-XGB,GANBLR++-AVG,GANBLR-LR,GANBLR-MLP,GANBLR-RF,GANBLR-XGB,GANBLR-AVG,CTGAN-LR,CTGAN-MLP,CTGAN-RF,CTGAN-XGB,CTGAN-AVG,CTABGAN-LR,CTABGAN-MLP,CTABGAN-RF,CTABGAN-XGB,CTABGAN-AVG,NB-LR,NB-MLP,NB-RF,NB-XGB,NB-AVG,RLiG-LR,RLiG-MLP,RLiG-RF,RLiG-AVG,GREAT-LR,GREAT-MLP,GREAT-RF,GREAT-XGB,GREAT-AVG,TABSYN-LR,TABSYN-MLP,TABSYN-RF,TABSYN-XGB,TABSYN-AVG
Chess,0.8451443569553806,0.863517060367454,0.8442694663167104,0.8398950131233596,0.8482064741907261,0.8595800524934383,0.8678915135608049,0.8407699037620296,0.8556430446194225,0.8559711286089238,0.4199475065616798,0.42607174103237094,0.5393700787401575,0.4015748031496063,0.4467410323709536,0.8871391076115486,0.8814523184601925,0.8639545056867891,0.8792650918635171,0.8779527559055119,0.5721784776902887,0.5708661417322834,0.5721784776902887,0.5721784776902887,0.5718503937007874,0.873578302712161,0.8783902012248469,0.8762029746281715,0.8760571595217264,0.5708661417322834,0.568241469816273,0.5131233595800525,0.5603674540682415,0.5531496062992126,0.4435695538057743,0.4973753280839895,0.4680664916885389,0.4304461942257218,0.45986439195100615
