,GANBLR++-LR,GANBLR++-MLP,GANBLR++-RF,GANBLR++-XGB,GANBLR++-AVG,GANBLR-LR,GANBLR-MLP,GANBLR-RF,GANBLR-XGB,GANBLR-AVG,CTGAN-LR,CTGAN-MLP,CTGAN-RF,CTGAN-XGB,CTGAN-AVG,CTABGAN-LR,CTABGAN-MLP,CTABGAN-RF,CTABGAN-XGB,CTABGAN-AVG,NB-LR,NB-MLP,NB-RF,NB-XGB,NB-AVG,RLiG-LR,RLiG-MLP,RLiG-RF,RLiG-AVG,GREAT-LR,GREAT-MLP,GREAT-RF,GREAT-XGB,GREAT-AVG,TABSYN-LR,TABSYN-MLP,TABSYN-RF,TABSYN-XGB,TABSYN-AVG
Nursery,0.9186351706036745,0.9033245844269467,0.9037620297462817,0.9146981627296588,0.9101049868766404,0.9173228346456693,0.9133858267716536,0.8972003499562554,0.9081364829396326,0.9090113735783026,0.6430446194225722,0.5708661417322834,0.5901137357830272,0.5144356955380578,0.5796150481189851,0.8451443569553806,0.8486439195100614,0.826334208223972,0.8333333333333334,0.8383639545056868,0.5721784776902887,0.5721784776902887,0.5721784776902887,0.5721784776902887,0.5721784776902887,0.884076990376203,0.8692038495188101,0.8775153105861767,0.8769320501603967,0.24540682414698164,0.2672790901137358,0.19597550306211722,0.23359580052493442,0.23556430446194224,0.6561679790026247,0.5909886264216972,0.584864391951006,0.5984251968503937,0.6076115485564305
