,RLIG,GANBLR,GANBLR++,CTGAN,CTABGAN,NB,GREAT,DIST_SAMPL
letter_rocog,30.030118942260742,5.2462158203125,0.4220128059387207,25.697317838668823,30.50381565093994,0.004007816314697266,684.6849482059479,0.03800058364868164
