,GANBLR++-LR,GANBLR++-MLP,GANBLR++-RF,GANBLR++-XGB,GANBLR++-AVG,GANBLR-LR,GANBLR-MLP,GANBLR-RF,GANBLR-XGB,GANBLR-AVG,CTGAN-LR,CTGAN-MLP,CTGAN-RF,CTGAN-XGB,CTGAN-AVG,CTABGAN-LR,CTABGAN-MLP,CTABGAN-RF,CTABGAN-XGB,CTABGAN-AVG,NB-LR,NB-MLP,NB-RF,NB-XGB,NB-AVG,RLIG-LR,RLIG-MLP,RLIG-RF,RLIG-XGB,RLIG-AVG,GREAT-LR,GREAT-MLP,GREAT-RF,GREAT-XGB,GREAT-AVG,DIST_SAMPL-LR,DIST_SAMPL-MLP,DIST_SAMPL-RF,DIST_SAMPL-XGB,DIST_SAMPL-AVG
letter_rocog,0.862992125984252,0.8850393700787401,0.8662292213473316,0.8595800524934383,0.8684601924759404,0.8753280839895013,0.894663167104112,0.8518810148731409,0.8671916010498689,0.8722659667541558,0.4178477690288714,0.42633420822397206,0.5383202099737533,0.39160104986876637,0.44352580927384083,0.8981627296587926,0.888888888888889,0.879090113735783,0.8960629921259842,0.8905511811023622,0.5721784776902887,0.5721784776902887,0.5721784776902887,0.5721784776902887,0.5721784776902887,0.7703412073490815,0.783639545056868,0.6119860017497812,0.6251968503937009,0.6977909011373579,0.5695538057742782,0.563079615048119,0.49720034995625545,0.5519685039370079,0.5454505686789151,0.4398950131233595,0.47847769028871384,0.4711286089238845,0.4380577427821522,0.45688976377952756
