,GANBLR++,GANBLR,CTGAN,CTABGAN,NB,GREAT,TABSYN
Chess,58.287001530329384,61.616218407948814,91.71804928779602,88.92239061991374,90.76188317934673,0.13480059305826822,95.59959936141968
