,GANBLR++,GANBLR,CTGAN,CTABGAN,NB,RLiG,GREAT,TABSYN
Chess,1.2124462922414143,1.1455972989400227,1.8406540552775066,1.1494924227396648,21.157889286677044,3.7847049236297607,1.4784063498179119,1.9122901757558186
