,GANBLR++,GANBLR,CTGAN,CTABGAN,NB,RLiG,GREAT,TABSYN
Magic,2.047588586807251,1.8731345335642497,3.2023977438608804,2.1694344679514566,36.300363302230835,9.66772452990214,3.640175183614095,3.2049928506215415
