,GANBLR++,GANBLR,CTGAN,CTABGAN,NB,RLiG,GREAT,TABSYN
Maternal Health,2.012812852859497,2.003707011540731,3.2682031790415444,2.166764577229818,34.973982413609825,9.014157931009928,4.009533643722534,3.1618303457895913
