,GANBLR++,GANBLR,CTGAN,CTABGAN,NB,RLiG,GREAT,TABSYN
PokerHand,2.031217177708944,1.8810957272847493,3.302541732788086,2.0896111329396567,35.136534214019775,7.982925732930501,1.9750003814697266,3.2860074838002524
