,GANBLR++,GANBLR,CTGAN,NB,RLiG,GREAT,TABSYN
TicTacToe,1.7310073375701904,1.8777516682942708,2.776076316833496,31.71754503250122,9.548282941182455,3.802658955256144,3.217674493789673
Chess,0.9667926629384359,0.991602897644043,0.9264577229817709,4.759659290313721,12.262014309565226,1.1220595836639404,0.8949424425760905
