,TABDIFF-LR,TABDIFF-MLP,TABDIFF-RF,TABDIFF-XGB,TABDIFF-AVG
credit,0.5579710144927537,0.5531400966183575,0.5700483091787439,0.5579710144927537,0.5597826086956522
