,GANBLR++,GANBLR,CTGAN,NB,RLiG,GREAT,TABSYN
Room Occupancy,1.9233346780141194,2.070934454600016,3.2130438486735025,33.476982514063515,8.904229323069254,3.7579103310902915,3.179908116658529
