,HC,GANBLR++,TS,CTGAN,NB,GANBLR
0,0.5318384170532227,0.5318384170532227,2.7092965841293335,10.523098230361938,0.0030515193939208984,2.7092965841293335
