,NB-AVG,GANBLR-XGB,GANBLR-MLP,GANBLR-AVG,GANBLR-RF,GANBLR-LR,NB-MLP,CTGAN-XGB,CTGAN-LR,GANBLR++-AVG,NB-LR,GANBLR++-MLP,GANBLR++-LR,GANBLR++-XGB,CTGAN-RF,CTGAN-MLP,NB-XGB,NB-RF,GANBLR++-RF,CTGAN-AVG
0,0.5721784776902887,0.9849081364829396,0.9858923884514436,0.9863024934383202,0.985236220472441,0.9891732283464567,0.5721784776902887,0.5111548556430446,0.6200787401574803,0.9862204724409449,0.5721784776902887,0.9796587926509186,0.988517060367454,0.988517060367454,0.48129921259842523,0.5869422572178478,0.5721784776902887,0.5721784776902887,0.9881889763779528,0.5498687664041995
