,NB,TS,HC
0,644.2180791888381,-10259.894589850539,-9826.607483189651
