Model,Average Score
RLIG,0.7759355178471533
GANBLR++,0.7699825635550211
GANBLR,0.7501776817122658
NB,0.5981221653386938
DIST_SAMPL,0.5590350113876683
CTABGAN,0.5416537092040661
CTGAN,0.48333157592469533
GREAT,0.2729280573861719
