,GANBLR++,GANBLR,CTGAN,NB,RLiG,GREAT,TABSYN
PokerHand,1.592461347579956,1.5201989809672039,2.2394166787465415,20.164705673853557,4.6874611377716064,1.639520486195882,2.317603111