,RLIG,GANBLR,GANBLR++,CTGAN,CTABGAN,NB,GREAT,DIST_SAMPL
TicTacToe,31.350675582885742,5.305123567581177,0.47212791442871094,26.28828501701355,31.3708279132843,0.006003856658935547,681.756267786026,0.04600048065185547
