,GANBLR++-LR,GANBLR++-MLP,GANBLR++-RF,GANBLR++-XGB,GANBLR++-AVG,GANBLR-LR,GANBLR-MLP,GANBLR-RF,GANBLR-XGB,GANBLR-AVG,CTGAN-LR,CTGAN-MLP,CTGAN-RF,CTGAN-XGB,CTGAN-AVG,CTABGAN-LR,CTABGAN-MLP,CTABGAN-RF,CTABGAN-XGB,CTABGAN-AVG,NB-LR,NB-MLP,NB-RF,NB-XGB,NB-AVG,RLIG-LR,RLIG-MLP,RLIG-RF,RLIG-XGB,RLIG-AVG,GREAT-LR,GREAT-MLP,GREAT-RF,GREAT-XGB,GREAT-AVG,DIST_SAMPL-LR,DIST_SAMPL-MLP,DIST_SAMPL-RF,DIST_SAMPL-XGB,DIST_SAMPL-AVG
TicTacToe,0.862992125984252,0.8839895013123359,0.8669291338582678,0.8595800524934383,0.8683727034120735,0.8753280839895013,0.8908136482939631,0.8532808398950132,0.8671916010498689,0.8716535433070867,0.4178477690288714,0.43368328958880137,0.5434820647419073,0.39160104986876637,0.4466535433070866,0.8926509186351707,0.8910761154855642,0.8820647419072616,0.8944881889763779,0.8900699912510935,0.5721784776902887,0.5723534558180228,0.5721784776902887,0.5721784776902887,0.5722222222222223,0.7703412073490815,0.779002624671916,0.6016622922134733,0.6251968503937009,0.6940507436570429,0.5695538057742782,0.5717410323709536,0.5013998250218723,0.5519685039370079,0.5486657917760279,0.4398950131233595,0.5464566929133858,0.48083989501312335,0.4380577427821522,0.4763123359580052
