,GANBLR++,GANBLR,CTGAN,CTABGAN,NB,RLiG,GREAT,TABSYN
PokerHand,2.0351978143056235,1.9252627690633137,3.2313172022501626,2.1702287197113037,36.46697473526001,8.58306654294332,3.979492425918579,3.325101852416992
