,GANBLR++-LR,GANBLR++-MLP,GANBLR++-RF,GANBLR++-XGB,GANBLR++-AVG,GANBLR-LR,GANBLR-MLP,GANBLR-RF,GANBLR-XGB,GANBLR-AVG,CTGAN-LR,CTGAN-MLP,CTGAN-RF,CTGAN-XGB,CTGAN-AVG,CTABGAN-LR,CTABGAN-MLP,CTABGAN-RF,CTABGAN-XGB,CTABGAN-AVG,NB-LR,NB-MLP,NB-RF,NB-XGB,NB-AVG,RLiG-LR,RLiG-MLP,RLiG-RF,RLiG-AVG,GREAT-LR,GREAT-MLP,GREAT-RF,GREAT-XGB,GREAT-AVG,TABSYN-LR,TABSYN-MLP,TABSYN-RF,TABSYN-XGB,TABSYN-AVG
PokerHand,0.9186351706036745,0.9072615923009625,0.9028871391076115,0.9133858267716536,0.9105424321959755,0.9173228346456693,0.9046369203849519,0.8976377952755906,0.9081364829396326,0.906933508311461,0.6430446194225722,0.5743657042869642,0.5765529308836396,0.5144356955380578,0.5770997375328084,0.8648293963254593,0.8657042869641295,0.8438320209973753,0.8412073490813649,0.8538932633420823,0.5721784776902887,0.5721784776902887,0.5721784776902887,0.5721784776902887,0.5721784776902887,0.9081364829396326,0.9033245844269467,0.9081364829396326,0.9065325167687371,0.24540682414698164,0.2729658792650919,0.19553805774278213,0.24934383202099739,0.24081364829396326,0.6561679790026247,0.5822397200349956,0.5879265091863517,0.5984251968503937,0.6061898512685914
