,GANBLR++,GANBLR,CTGAN,CTABGAN,NB,RLiG,GREAT,TABSYN
Credit,1.9922739664713542,1.9321702321370442,3.2827560106913247,2.052147467931112,35.74930810928345,7.851322412490845,1.9558446407318115,3.265906651814779
