,GANBLR++-LR,GANBLR++-MLP,GANBLR++-RF,GANBLR++-XGB,GANBLR++-AVG,GANBLR-LR,GANBLR-MLP,GANBLR-RF,GANBLR-XGB,GANBLR-AVG,CTGAN-LR,CTGAN-MLP,CTGAN-RF,CTGAN-XGB,CTGAN-AVG,CTABGAN-LR,CTABGAN-MLP,CTABGAN-RF,CTABGAN-XGB,CTABGAN-AVG,NB-LR,NB-MLP,NB-RF,NB-XGB,NB-AVG,RLiG-LR,RLiG-MLP,RLiG-RF,RLiG-AVG,GREAT-LR,GREAT-MLP,GREAT-RF,GREAT-XGB,GREAT-AVG,TABSYN-LR,TABSYN-MLP,TABSYN-RF,TABSYN-XGB,TABSYN-AVG
letter_rocog,0.9186351706036745,0.9072615923009625,0.9028871391076115,0.9133858267716536,0.9105424321959755,0.9173228346456693,0.9046369203849519,0.8976377952755906,0.9081364829396326,0.906933508311461,0.6430446194225722,0.5743657042869642,0.5765529308836396,0.5144356955380578,0.5770997375328084,0.8490813648293963,0.8718285214348206,0.8455818022747157,0.84251968503937,0.8522528433945755,0.5721784776902887,0.5721784776902887,0.5721784776902887,0.5721784776902887,0.5721784776902887,0.9125109361329834,0.9011373578302712,0.9020122484689413,0.905220180810732,0.24540682414698164,0.29396325459317585,0.2042869641294838,0.24934383202099739,0.2482502187226597,0.6561679790026247,0.615923009623797,0.588801399825022,0.5984251968503937,0.6148293963254593
