,GANBLR++-LR,GANBLR++-MLP,GANBLR++-RF,GANBLR++-XGB,GANBLR++-AVG,GANBLR-LR,GANBLR-MLP,GANBLR-RF,GANBLR-XGB,GANBLR-AVG,CTGAN-LR,CTGAN-MLP,CTGAN-RF,CTGAN-XGB,CTGAN-AVG,CTABGAN-LR,CTABGAN-MLP,CTABGAN-RF,CTABGAN-XGB,CTABGAN-AVG,NB-LR,NB-MLP,NB-RF,NB-XGB,NB-AVG,RLIG-LR,RLIG-MLP,RLIG-RF,RLIG-AVG,GREAT-LR,GREAT-MLP,GREAT-RF,GREAT-XGB,GREAT-AVG,DIST_SAMPL-LR,DIST_SAMPL-MLP,DIST_SAMPL-RF,DIST_SAMPL-XGB,DIST_SAMPL-AVG
TicTacToe,0.7395833333333334,0.6822916666666666,0.6493055555555555,0.609375,0.6701388888888888,0.671875,0.6545138888888888,0.6753472222222222,0.6614583333333334,0.6657986111111112,0.46875,0.4739583333333333,0.4982638888888889,0.5104166666666666,0.48784722222222215,0.6614583333333334,0.640625,0.6076388888888888,0.5677083333333334,0.619357638888889,0.671875,0.6458333333333334,0.65625,0.625,0.6497395833333334,0.7118055555555555,0.7065972222222222,0.6857638888888888,0.701388888888889,0.296875,0.22916666666666666,0.2916666666666667,0.3177083333333333,0.2838541666666667,0.640625,0.65625,0.5642361111111112,0.5572916666666666,0.6046006944444444
