,GANBLR++,GANBLR,CTGAN,CTABGAN,NB,RLIG,GREAT,DIST_SAMPL
TicTacToe,0.5918929576873779,4.263915777206421,10.71121859550476,11.86287236213684,0.003007173538208008,29.432088613510132,683.2973625659943,0.050528526306152344
