,GANBLR++-bic,GANBLR-bic,NB-bic,RLIG-bic
TicTacToe,-8613.412418704887,-8614.806726200826,1122.2278507759197,-8672.142588795723
