,GANBLR++-LR,GANBLR++-MLP,GANBLR++-RF,GANBLR++-XGB,GANBLR++-AVG,GANBLR-LR,GANBLR-MLP,GANBLR-RF,GANBLR-XGB,GANBLR-AVG,CTGAN-LR,CTGAN-MLP,CTGAN-RF,CTGAN-XGB,CTGAN-AVG,CTABGAN-LR,CTABGAN-MLP,CTABGAN-RF,CTABGAN-XGB,CTABGAN-AVG,NB-LR,NB-MLP,NB-RF,NB-XGB,NB-AVG,RLIG-LR,RLIG-MLP,RLIG-RF,RLIG-XGB,RLIG-AVG,GREAT-LR,GREAT-MLP,GREAT-RF,GREAT-XGB,GREAT-AVG,DIST_SAMPL-LR,DIST_SAMPL-MLP,DIST_SAMPL-RF,DIST_SAMPL-XGB,DIST_SAMPL-AVG
Magic,0.862992125984252,0.8802274715660543,0.8649168853893263,0.8595800524934383,0.8669291338582678,0.8753280839895013,0.8932633420822397,0.8506561679790026,0.8671916010498689,0.8716097987751531,0.4178477690288714,0.4258967629046369,0.5355205599300087,0.39160104986876637,0.4427165354330709,0.8934383202099738,0.8909886264216973,0.8790026246719161,0.8908136482939634,0.8885608048993876,0.5721784776902887,0.5725284339457568,0.5721784776902887,0.5721784776902887,0.5722659667541558,0.7703412073490815,0.7611548556430447,0.6181977252843395,0.6251968503937009,0.6937226596675415,0.5695538057742782,0.5583552055993001,0.5019247594050743,0.5519685039370079,0.5454505686789152,0.4398950131233595,0.5494313210848644,0.49956255468066485,0.4380577427821522,0.48173665791776027
