,RLIG,GANBLR,GANBLR++,CTGAN,CTABGAN,NB,GREAT,DIST_SAMPL
Magic,31.29979372024536,4.972536325454712,0.468005895614624,24.27393102645874,30.444053649902344,0.0050051212310791016,687.3849895000458,0.0429990291595459
