,GANBLR++,GANBLR,CTGAN,CTABGAN,NB,RLIG,GREAT,DIST_SAMPL
Magic,1.1366188526153564,4.510204792022705,27.737121105194092,34.73944878578186,0.007999420166015625,71.29280805587769,822.4766881465912,0.13669395446777344
