,GANBLR++-LR,GANBLR++-MLP,GANBLR++-RF,GANBLR++-XGB,GANBLR++-AVG,GANBLR-LR,GANBLR-MLP,GANBLR-RF,GANBLR-XGB,GANBLR-AVG,CTGAN-LR,CTGAN-MLP,CTGAN-RF,CTGAN-XGB,CTGAN-AVG,CTABGAN-LR,CTABGAN-MLP,CTABGAN-RF,CTABGAN-XGB,CTABGAN-AVG,NB-LR,NB-MLP,NB-RF,NB-XGB,NB-AVG,RLIG-LR,RLIG-MLP,RLIG-RF,RLIG-AVG,GREAT-LR,GREAT-MLP,GREAT-RF,GREAT-XGB,GREAT-AVG,DIST_SAMPL-LR,DIST_SAMPL-MLP,DIST_SAMPL-RF,DIST_SAMPL-XGB,DIST_SAMPL-AVG
Magic,0.7944269190325972,0.8041535226077813,0.7869786189975464,0.8062565720294427,0.7979539081668419,0.768664563617245,0.7641955835962145,0.758149316508938,0.7662986330178759,0.7643270241850683,0.4411146161934805,0.5009638976515948,0.5394321766561514,0.452944269190326,0.4836137399228882,0.7465825446898003,0.7393971258324571,0.728093235191027,0.75,0.741018226428321,0.6482649842271293,0.6482649842271293,0.6482649842271293,0.6482649842271293,0.6482649842271293,0.7934630213810024,0.7888187872415001,0.7850508236943569,0.7891108774389531,0.24158780231335433,0.23221170697511392,0.21565019277953032,0.2279179810725552,0.22934192078513846,0.64931650893796,0.64931650893796,0.6076936558009113,0.6653522607781283,0.6429197336137399
