,GANBLR++-bic,GANBLR-bic,NB-bic,RLIG-bic
Magic,-126495.53018665365,-127647.31362676964,43570.31209757967,-152924.29722208265
