,GANBLR++,GANBLR,CTGAN,CTABGAN,NB,RLIG,GREAT,DIST_SAMPL
letter_rocog,0.483745813369751,4.661441802978516,24.67444634437561,30.237720012664795,0.0040018558502197266,29.63768744468689,696.1170792579651,0.03304266929626465
