,GANBLR++,GANBLR,CTGAN,NB,RLiG,GREAT,TABSYN
Credit,1.9444189071655273,2.004851738611857,3.211333433787028,36.517431100209556,9.004657904307047,3.6962193648020425,3.167884190877279
