,GANBLR++,GANBLR,CTGAN,CTABGAN,NB,RLiG,GREAT,TABSYN
Loan,1.9487891991933186,2.0707894961039224,3.50288192431132,2.1323259671529136,35.409009297688804,9.06888779004415,3.625565449396769,3.4367380142211914
