,GANBLR++,GANBLR,CTGAN,CTABGAN,NB,RLiG,GREAT,TABSYN
Loan,2.008630911509196,1.9046624501546223,3.2623881498972573,2.1651879151662192,34.57587718963623,8.169735034306845,1.9055938720703125,3.2166245778401694
