,RLIG,GANBLR,GANBLR++,CTGAN,CTABGAN,NB,GREAT,DIST_SAMPL
PokerHand,30.56058144569397,4.65821385383606,0.4019942283630371,24.648596048355103,30.46533489227295,0.003946542739868164,687.9276022911072,0.03295111656188965
