,GANBLR++-LR,GANBLR++-MLP,GANBLR++-RF,GANBLR++-XGB,GANBLR++-AVG,GANBLR-LR,GANBLR-MLP,GANBLR-RF,GANBLR-XGB,GANBLR-AVG,CTGAN-LR,CTGAN-MLP,CTGAN-RF,CTGAN-XGB,CTGAN-AVG,CTABGAN-LR,CTABGAN-MLP,CTABGAN-RF,CTABGAN-XGB,CTABGAN-AVG,NB-LR,NB-MLP,NB-RF,NB-XGB,NB-AVG,RLIG-LR,RLIG-MLP,RLIG-RF,RLIG-XGB,RLIG-AVG,GREAT-LR,GREAT-MLP,GREAT-RF,GREAT-XGB,GREAT-AVG,DIST_SAMPL-LR,DIST_SAMPL-MLP,DIST_SAMPL-RF,DIST_SAMPL-XGB,DIST_SAMPL-AVG
PokerHand,0.862992125984252,0.889851268591426,0.8657042869641295,0.8595800524934383,0.8695319335083114,0.8753280839895013,0.8823272090988628,0.8525809273840771,0.8671916010498689,0.8693569553805774,0.4178477690288714,0.42528433945756783,0.542082239720035,0.39160104986876637,0.44420384951881015,0.8942257217847769,0.888888888888889,0.8898512685914262,0.8845144356955381,0.8893700787401575,0.5721784776902887,0.57331583552056,0.5721784776902887,0.5721784776902887,0.5724628171478565,0.7703412073490815,0.7641294838145232,0.6173228346456693,0.6251968503937009,0.6942475940507435,0.5695538057742782,0.568591426071741,0.5026246719160105,0.5540682414698163,0.5487095363079615,0.4398950131233595,0.4957130358705162,0.4510061242344707,0.4380577427821522,0.4561679790026247
