,GANBLR++,GANBLR,CTGAN,CTABGAN,NB,RLIG,GREAT,DIST_SAMPL
'Room,0.47808074951171875,4.986368417739868,24.778496503829956,30.455881357192993,0.0030002593994140625,30.492422580718994,702.8725371360779,0.03801250457763672
Occupancy',0.6062023639678955,4.895500183105469,12.837874174118042,6.3089399337768555,0.003999948501586914,29.02763295173645,178.13146424293518,0.010064840316772461
