,TABDIFF-LR,TABDIFF-MLP,TABDIFF-RF,TABDIFF-XGB,TABDIFF-AVG
Chess,0.553125,0.5005208333333333,0.49791666666666673,0.5578125,0.52734375
