,GANBLR++,GANBLR,CTGAN,CTABGAN,NB,RLiG,GREAT,TABSYN
Adult,1.2927814324696858,1.154200792312622,1.8202869892120361,1.1776340802510579,22.072798649470013,5.365251541137695,1.4573095639546711,1.9147179921468098
