Model,Average Score
RLIG,0.8613754009915426
CTABGAN,0.8454384665611652
GANBLR,0.8353850644588543
GANBLR++,0.8280743399722094
NB,0.5816669802763625
GREAT,0.5217044043667336
DIST_SAMPL,0.4743543660902681
CTGAN,0.46385748771293284
