,GANBLR++,GANBLR,CTGAN,NB,RLiG,GREAT,TABSYN
Magic,2.027146021525065,1.9323980808258057,3.3798341751098633,33.66843970616659,7.886248270670573,2.0866342385609946,3.1512509187062583
Nursery,0.9949636459350586,0.994852622350057,0.9344398975372314,3.7385117212931314,11.738737185796102,1.3328928152720134,0.8958238760630289
