,GANBLR++,GANBLR,CTGAN,NB,RLiG,GREAT,TABSYN
Room Occupancy,1.967652161916097,1.8786805470784504,3.322491010030111,34.12212141354879,6.388019879659017,1.9792352517445881,3.1793370246887207
