,TABDIFF-LR,TABDIFF-MLP,TABDIFF-RF,TABDIFF-XGB,TABDIFF-AVG
default,0.7521666666666667,0.6661666666666667,0.5612777777777778,0.686,0.6664027777777778
