,GANBLR++-LR,GANBLR++-MLP,GANBLR++-RF,GANBLR++-XGB,GANBLR++-AVG,GANBLR-LR,GANBLR-MLP,GANBLR-RF,GANBLR-XGB,GANBLR-AVG,CTGAN-LR,CTGAN-MLP,CTGAN-RF,CTGAN-XGB,CTGAN-AVG,CTABGAN-LR,CTABGAN-MLP,CTABGAN-RF,CTABGAN-XGB,CTABGAN-AVG,NB-LR,NB-MLP,NB-RF,NB-XGB,NB-AVG,RLIG-LR,RLIG-MLP,RLIG-RF,RLIG-XGB,RLIG-AVG,GREAT-LR,GREAT-MLP,GREAT-RF,GREAT-XGB,GREAT-AVG,DIST_SAMPL-LR,DIST_SAMPL-MLP,DIST_SAMPL-RF,DIST_SAMPL-XGB,DIST_SAMPL-AVG
Car,0.862992125984252,0.8859142607174103,0.8664041994750656,0.8595800524934383,0.8687226596675415,0.8753280839895013,0.8910761154855642,0.852843394575678,0.8671916010498689,0.8716097987751531,0.4178477690288714,0.4268591426071741,0.5469816272965878,0.39160104986876637,0.44582239720034994,0.8931758530183727,0.8927384076990377,0.8851268591426072,0.8952755905511811,0.8915791776027996,0.5721784776902887,0.5715660542432196,0.5721784776902887,0.5721784776902887,0.5720253718285214,0.7703412073490815,0.7740157480314961,0.6083114610673667,0.6251968503937009,0.6944663167104114,0.5695538057742782,0.5692038495188102,0.4994750656167979,0.5540682414698163,0.5480752405949255,0.4398950131233595,0.4927384076990376,0.4783902012248469,0.4380577427821522,0.46227034120734906
