,RLIG,GANBLR,GANBLR++,CTGAN,CTABGAN,NB,GREAT,DIST_SAMPL
Car,30.78431534767151,4.905170679092407,0.4157447814941406,23.96026873588562,30.398942470550537,0.004005908966064453,684.2756631374359,0.029009103775024414
