,GANBLR++,GANBLR,CTGAN,CTABGAN,NB,RLiG,GREAT,TABSYN
Adult,2.085541327794393,2.151718775431315,3.483285665512085,2.2558698654174805,39.16963251431783,9.833408435185751,3.99826717376709,3.3896063963572183
