,GANBLR++,GANBLR,CTGAN,CTABGAN,NB,RLIG,GREAT,DIST_SAMPL
Nursery,0.47454166412353516,4.953840017318726,25.15190601348877,31.046074628829956,0.004999876022338867,30.70454740524292,695.9264152050018,0.045998334884643555
