,GANBLR++-bic,GANBLR-bic,NB-bic,RLIG-bic
Car,-13182.516965047887,-13185.65492264537,4528.5098964503395,-13185.653655753435
