,GANBLR++-LR,GANBLR++-MLP,GANBLR++-RF,GANBLR++-XGB,GANBLR++-AVG,GANBLR-LR,GANBLR-MLP,GANBLR-RF,GANBLR-XGB,GANBLR-AVG,CTGAN-LR,CTGAN-MLP,CTGAN-RF,CTGAN-XGB,CTGAN-AVG,CTABGAN-LR,CTABGAN-MLP,CTABGAN-RF,CTABGAN-XGB,CTABGAN-AVG,NB-LR,NB-MLP,NB-RF,NB-XGB,NB-AVG,RLIG-LR,RLIG-MLP,RLIG-RF,RLIG-AVG,GREAT-LR,GREAT-MLP,GREAT-RF,GREAT-XGB,GREAT-AVG,DIST_SAMPL-LR,DIST_SAMPL-MLP,DIST_SAMPL-RF,DIST_SAMPL-XGB,DIST_SAMPL-AVG
Car,0.8786127167630058,0.8314065510597303,0.8776493256262042,0.8901734104046243,0.8694605009633912,0.846820809248555,0.7533718689788054,0.7996146435452793,0.8092485549132947,0.8022639691714838,0.6994219653179191,0.7003853564547207,0.4913294797687861,0.45086705202312133,0.5855009633911368,0.6994219653179191,0.6965317919075145,0.5770712909441233,0.5578034682080925,0.6327071290944123,0.7254335260115607,0.6782273603082851,0.6743737957610789,0.7167630057803468,0.6986994219653179,0.8911368015414259,0.8949903660886319,0.861271676300578,0.882466281310212,0.26011560693641617,0.24470134874759153,0.2996146435452794,0.31213872832369943,0.27914258188824664,0.6994219653179191,0.697495183044316,0.6021194605009633,0.6213872832369942,0.6551059730250481
