,GANBLR++,GANBLR,CTGAN,CTABGAN,NB,RLIG,GREAT,DIST_SAMPL
Car,0.27342748641967773,4.778291463851929,9.052868843078613,10.86490249633789,0.006011962890625,26.23236918449402,675.5872647762299,0.011610746383666992
