,GANBLR++,GANBLR,CTGAN,CTABGAN,NB,RLiG,GREAT,TABSYN
Credit,1.95432710647583,1.9898481369018555,3.25007430712382,2.167369842529297,36.27705876032511,8.984113216400146,3.6956953207651773,3.1642300287882485
