,GANBLR++,GANBLR,CTGAN,CTABGAN,NB,RLiG,GREAT,TABSYN
TicTacToe,1.9318528175354004,2.0367989540100098,3.2687368392944336,2.1132633686065674,36.15220332145691,9.326144377390543,3.730767329533895,3.2770352363586426
