,GANBLR++,GANBLR,CTGAN,CTABGAN,NB,RLIG,GREAT,DIST_SAMPL
Connect-4,0.42992258071899414,5.163285493850708,24.57504940032959,30.65740132331848,0.003996849060058594,30.669999361038208,697.7336857318878,0.031949758529663086
