,GANBLR++,GANBLR,CTGAN,CTABGAN,NB,RLIG,GREAT,DIST_SAMPL
PokerHand,0.4248354434967041,5.066944360733032,24.860694646835327,30.786306381225586,0.005002498626708984,30.307685375213623,700.9072940349579,0.03099679946899414
