,GANBLR++,GANBLR,CTGAN,CTABGAN,NB,RLiG,GREAT,TABSYN
Magic,1.9791050752003987,1.9429762363433838,3.2317593097686768,2.066031297047933,34.97663855552673,7.582356532414754,1.967641274134318,3.2383809089660645
