,GANBLR++,GANBLR,CTGAN,CTABGAN,NB,RLIG,GREAT,DIST_SAMPL
Adult,4.2801878452301025,5.174660921096802,93.57149696350098,100.74775171279907,0.018563032150268555,181.087060213089,900.6894829273224,0.4989645481109619
