,GANBLR++-LR,GANBLR++-MLP,GANBLR++-RF,GANBLR++-XGB,GANBLR++-AVG,GANBLR-LR,GANBLR-MLP,GANBLR-RF,GANBLR-XGB,GANBLR-AVG,CTGAN-LR,CTGAN-MLP,CTGAN-RF,CTGAN-XGB,CTGAN-AVG,CTABGAN-LR,CTABGAN-MLP,CTABGAN-RF,CTABGAN-XGB,CTABGAN-AVG,NB-LR,NB-MLP,NB-RF,NB-XGB,NB-AVG,RLIG-LR,RLIG-MLP,RLIG-RF,RLIG-AVG,GREAT-LR,GREAT-MLP,GREAT-RF,GREAT-XGB,GREAT-AVG,DIST_SAMPL-LR,DIST_SAMPL-MLP,DIST_SAMPL-RF,DIST_SAMPL-XGB,DIST_SAMPL-AVG
Adult,0.5547138908793121,0.5544409185518818,0.49097485242433553,0.5531784215375166,0.5383270208482615,0.5191933667724434,0.521206537687242,0.4636776196813048,0.5201146483775207,0.5060480431296278,0.5060906950557887,0.5061589381376463,0.5062613027604327,0.5070119766608661,0.5063807281536835,0.5024055686354796,0.5010065854573993,0.5032586071586992,0.4975944313645204,0.5010662981540247,0.5061930596785751,0.5061930596785751,0.5061930596785751,0.5061930596785751,0.5061930596785751,0.5508922782952878,0.480567782441055,0.5068072474152933,0.5127557693838787,0.0,0.0,0.0008189169822909203,0.0,0.00020472924557273008,0.5061930596785751,0.5052035349916402,0.5061589381376463,0.5046575903367796,0.5055532807861604
