,GANBLR++-bic,GANBLR-bic,NB-bic,RLIG-bic
Adult,-859840.226414031,-862643.2226977911,132192.58739327412,-869507.5882116328
