,RLIG,GANBLR,GANBLR++,CTGAN,CTABGAN,NB,GREAT,DIST_SAMPL
'Room,30.722079753875732,4.883118629455566,0.4220149517059326,24.46273136138916,30.020394325256348,0.0040073394775390625,685.4369764328003,0.05400586128234863
Occupancy',28.27021050453186,4.894044399261475,0.6050131320953369,12.719828605651855,6.921147346496582,0.0029985904693603516,174.19610023498535,0.010001182556152344
