,GANBLR++,GANBLR,CTGAN,NB,RLiG,GREAT,TABSYN
Rice,1.9653197129567463,2.1267956097920737,3.2152785460154214,33.64159337679545,9.290443897247314,3.7077910900115967,3.2172799110412598
Car,0.9657371044158936,0.9732612768809,0.9109422365824381,5.415445963541667,12.293467203776041,1.2687691847483318,0.9024762312571207
