,GANBLR++,GANBLR,CTGAN,CTABGAN,NB,RLiG,GREAT,TABSYN
Adult,1.9871819019317627,1.8867809772491455,3.267078955968221,2.1114871501922607,36.56494188308716,7.928648153940837,2.006242116292318,3.1816542943318686
