,GANBLR++,GANBLR,CTGAN,CTABGAN,NB,RLiG,GREAT,TABSYN
Room Occupancy,1.9139495690663655,2.0379185676574707,3.317624886830648,2.242361148198446,34.893123706181846,8.532855033874512,3.7085323333740234,3.230269988377889
