,GANBLR++-LR,GANBLR++-MLP,GANBLR++-RF,GANBLR++-XGB,GANBLR++-AVG,GANBLR-LR,GANBLR-MLP,GANBLR-RF,GANBLR-XGB,GANBLR-AVG,CTGAN-LR,CTGAN-MLP,CTGAN-RF,CTGAN-XGB,CTGAN-AVG,NB-LR,NB-MLP,NB-RF,NB-XGB,NB-AVG,RLiG-LR,RLiG-MLP,RLiG-RF,RLiG-AVG,GREAT-LR,GREAT-MLP,GREAT-RF,GREAT-XGB,GREAT-AVG,TABSYN-LR,TABSYN-MLP,TABSYN-RF,TABSYN-XGB,TABSYN-AVG
PokerHand,0.8451443569553806,0.86351706,0.8442694663167104,0.8412073490813649,0.8485345581802276,0.8595800524934383,0.8678915135608049,0.8407699037620296,0.858267717,0.8566272965879266,0.5800524934383202,0.5691163604549431,0.4864391951006124,0.5800524934383202,0.553915136,0.5721784776902887,0.5721784776902887,0.5721784776902887,0.5721784776902887,0.5721784776902887,0.8700787401574802,0.8696412948381452,0.8709536307961505,0.8702245552639253,0.570866142,0.571303587,0.516185477,0.530183727,0.547134733,0.4435695538057743,0.4916885389326335,0.4746281714785651,0.4304461942257218,0.4600831146106737