,GANBLR++,GANBLR,NB,RLiG
Rice,-26914.358343632484,-29946.08275462729,3378.5593713583908,-40461.71430670913
Car,-8610.50140891304,-8614.806726200826,1122.2278507759197,-8672.142588795723
