,GANBLR++,GANBLR,CTGAN,CTABGAN,NB,RLIG,GREAT,DIST_SAMPL
Rice,0.39400386810302734,4.809115409851074,24.080000400543213,30.401204347610474,0.004001140594482422,30.181336402893066,695.1364755630493,0.06710219383239746
