,TABDIFF-LR,TABDIFF-MLP,TABDIFF-RF,TABDIFF-XGB,TABDIFF-AVG
Rice,0.6758530183727034,0.6837270341207349,0.6014873140857393,0.6417322834645669,0.6506999125109362
