,GANBLR++-bic,GANBLR-bic,NB-bic,RLIG-bic
Credit,-6317.014155410773,-6332.702336986545,3210.0038436970303,-7322.347308534609
