,GANBLR++,GANBLR,CTGAN,CTABGAN,NB,RLIG,GREAT,DIST_SAMPL
Credit,1.2598047256469727,4.917739391326904,22.50254464149475,2.5923092365264893,0.005004405975341797,49.10300970077515,680.0813217163086,0.017996549606323242
