,GANBLR++-LR,GANBLR++-MLP,GANBLR++-RF,GANBLR++-XGB,GANBLR++-AVG,GANBLR-LR,GANBLR-MLP,GANBLR-RF,GANBLR-XGB,GANBLR-AVG,CTGAN-LR,CTGAN-MLP,CTGAN-RF,CTGAN-XGB,CTGAN-AVG,CTABGAN-LR,CTABGAN-MLP,CTABGAN-RF,CTABGAN-XGB,CTABGAN-AVG,NB-LR,NB-MLP,NB-RF,NB-XGB,NB-AVG,RLIG-LR,RLIG-MLP,RLIG-RF,RLIG-AVG,DIST_SAMPL-LR,DIST_SAMPL-MLP,DIST_SAMPL-RF,DIST_SAMPL-XGB,DIST_SAMPL-AVG
Credit,0.816793893129771,0.7786259541984734,0.7735368956743002,0.7786259541984734,0.7868956743002545,0.8091603053435114,0.7531806615776081,0.7964376590330788,0.7786259541984734,0.7843511450381678,0.3358778625954198,0.4122137404580153,0.40712468193384227,0.45038167938931295,0.40139949109414763,0.5190839694656488,0.45801526717557256,0.5623409669211196,0.5648854961832062,0.5260814249363868,0.7938931297709924,0.732824427480916,0.737913486005089,0.549618320610687,0.7035623409669212,0.8091603053435114,0.7888040712468193,0.8040712468193384,0.8006785411365563,0.6106870229007634,0.5725190839694656,0.5292620865139949,0.5419847328244275,0.5636132315521629
