,GANBLR++,GANBLR,CTGAN,CTABGAN,NB,RLiG,GREAT,TABSYN
Rice,1.9984908898671467,1.8979759216308594,3.242050806681315,2.1126205921173096,35.17879247665405,7.267088492711385,2.0228726069132485,3.170637607574463
