,GANBLR++,GANBLR,CTGAN,CTABGAN,NB,RLIG,GREAT,DIST_SAMPL
Maternal_Health,0.2856590747833252,4.46304726600647,9.604536056518555,10.456859588623047,0.004592418670654297,21.68656611442566,662.1692781448364,0.014996767044067383
