,GANBLR++-LR,GANBLR++-MLP,GANBLR++-RF,GANBLR++-XGB,GANBLR++-AVG,GANBLR-LR,GANBLR-MLP,GANBLR-RF,GANBLR-XGB,GANBLR-AVG,CTGAN-LR,CTGAN-MLP,CTGAN-RF,CTGAN-XGB,CTGAN-AVG,CTABGAN-LR,CTABGAN-MLP,CTABGAN-RF,CTABGAN-XGB,CTABGAN-AVG,NB-LR,NB-MLP,NB-RF,NB-XGB,NB-AVG,RLIG-LR,RLIG-MLP,RLIG-RF,RLIG-AVG,DIST_SAMPL-LR,DIST_SAMPL-MLP,DIST_SAMPL-RF,DIST_SAMPL-XGB,DIST_SAMPL-AVG
Maternal_Health,0.6600985221674877,0.6059113300492611,0.5845648604269295,0.5615763546798029,0.6030377668308703,0.5911330049261084,0.5451559934318554,0.535303776683087,0.46305418719211816,0.5336617405582923,0.20689655172413793,0.29228243021346473,0.3596059113300492,0.3596059113300492,0.3045977011494253,0.2857142857142857,0.2824302134646962,0.3579638752052545,0.32019704433497537,0.31157635467980294,0.39901477832512317,0.39901477832512317,0.39901477832512317,0.39901477832512317,0.39901477832512317,0.6962233169129721,0.6863711001642036,0.7077175697865353,0.6967706622879036,0.3842364532019704,0.3957307060755337,0.367816091954023,0.37438423645320196,0.3805418719211822
