,GANBLR++-bic,GANBLR-bic,NB-bic,RLIG-bic
Maternal_Health,-7502.404516203166,-7423.476656424199,2396.0327158423706,-7845.868605259865
