,GANBLR++,GANBLR,CTGAN,CTABGAN,NB,RLiG,GREAT,TABSYN
TicTacToe,2.0140137672424316,1.8781388600667317,3.272789557774862,2.0330742994944253,36.45224618911743,8.28925371170044,2.122185707092285,3.2074169317881265
