,GANBLR++,GANBLR,CTGAN,NB,RLiG,GREAT,TABSYN
PokerHand,2.0307480494181314,1.8516617616017659,3.211140235265096,36.26602474848429,8.961157321929932,3.583200534184774,3.236052672068278
