,GANBLR++-LR,GANBLR++-MLP,GANBLR++-RF,GANBLR++-XGB,GANBLR++-AVG,GANBLR-LR,GANBLR-MLP,GANBLR-RF,GANBLR-XGB,GANBLR-AVG,CTGAN-LR,CTGAN-MLP,CTGAN-RF,CTGAN-XGB,CTGAN-AVG,NB-LR,NB-MLP,NB-RF,NB-XGB,NB-AVG,RLiG-LR,RLiG-MLP,RLiG-RF,RLiG-AVG,GREAT-LR,GREAT-MLP,GREAT-RF,GREAT-XGB,GREAT-AVG,TABSYN-LR,TABSYN-MLP,TABSYN-RF,TABSYN-XGB,TABSYN-AVG
PokerHand,0.9186351706036745,0.9072615923009625,0.9028871391076115,0.9133858267716536,0.9105424321959755,0.9173228346456693,0.9046369203849519,0.8976377952755906,0.9081364829396326,0.906933508311461,0.45931758530183725,0.5271216097987752,0.5590551181102362,0.5538057742782152,0.524825021872266,0.5721784776902887,0.5721784776902887,0.5721784776902887,0.5721784776902887,0.5721784776902887,0.8902012248468942,0.8783902012248469,0.8875765529308836,0.8853893263342082,0.24540682414698164,0.30533683289588803,0.20253718285214348,0.24934383202099739,0.25065616797900264,0.6561679790026247,0.631233595800525,0.5726159230096238,0.5984251968503937,0.6146106736657918
