,GANBLR++,GANBLR,NB,RLiG
PokerHand,-26914.35834363248,-29946.08275462729,3378.5593713583908,-40461.71430670913
