,GANBLR++-LR,GANBLR++-MLP,GANBLR++-RF,GANBLR++-XGB,GANBLR++-AVG,GANBLR-LR,GANBLR-MLP,GANBLR-RF,GANBLR-XGB,GANBLR-AVG,CTGAN-LR,CTGAN-MLP,CTGAN-RF,CTGAN-XGB,CTGAN-AVG,CTABGAN-LR,CTABGAN-MLP,CTABGAN-RF,CTABGAN-XGB,CTABGAN-AVG,NB-LR,NB-MLP,NB-RF,NB-XGB,NB-AVG,RLIG-LR,RLIG-MLP,RLIG-RF,RLIG-AVG,GREAT-LR,GREAT-MLP,GREAT-RF,GREAT-XGB,GREAT-AVG,DIST_SAMPL-LR,DIST_SAMPL-MLP,DIST_SAMPL-RF,DIST_SAMPL-XGB,DIST_SAMPL-AVG
Default,0.8171666666666667,0.8143888888888888,0.797,0.8158333333333333,0.8110972222222222,0.819,0.8180000000000001,0.7965,0.818,0.812875,0.7788333333333334,0.7787777777777779,0.7247222222222223,0.7786666666666666,0.76525,0.8048333333333333,0.8032777777777778,0.7858333333333333,0.7986666666666666,0.7981527777777777,0.8023333333333333,0.751,0.7797222222222223,0.7808333333333334,0.7784722222222222,0.8070555555555555,0.7957777777777778,0.7910555555555555,0.7979629629629629,0.7755,0.7774444444444445,0.777888888888889,0.7775,0.7770833333333332,0.7788333333333334,0.7776111111111111,0.7177222222222222,0.7788333333333334,0.763249999999999
