,GANBLR++,GANBLR,CTGAN,CTABGAN,NB,RLIG,GREAT,DIST_SAMPL
Default,7.6377809047698975,5.527001857757568,43.08062720298767,31.557329893112183,0.015996694564819336,196.29286861419678,1061.0450177192688,0.44200921058654785
