,GANBLR++-LR,GANBLR++-MLP,GANBLR++-RF,GANBLR++-XGB,GANBLR++-AVG,GANBLR-LR,GANBLR-MLP,GANBLR-RF,GANBLR-XGB,GANBLR-AVG,CTGAN-LR,CTGAN-MLP,CTGAN-RF,CTGAN-XGB,CTGAN-AVG,CTABGAN-LR,CTABGAN-MLP,CTABGAN-RF,CTABGAN-XGB,CTABGAN-AVG,NB-LR,NB-MLP,NB-RF,NB-XGB,NB-AVG,RLiG-LR,RLiG-MLP,RLiG-RF,RLiG-AVG,GREAT-LR,GREAT-MLP,GREAT-RF,GREAT-XGB,GREAT-AVG,TABSYN-LR,TABSYN-MLP,TABSYN-RF,TABSYN-XGB,TABSYN-AVG
Loan,0.8451443569553806,0.863517060367454,0.8442694663167104,0.8398950131233596,0.8482064741907261,0.8595800524934383,0.8678915135608049,0.8407699037620296,0.8556430446194225,0.8559711286089238,0.4199475065616798,0.42607174103237094,0.5393700787401575,0.4015748031496063,0.4467410323709536,0.884514435695538,0.884076990376203,0.8643919510061243,0.8753280839895013,0.8770778652668416,0.5721784776902887,0.5721784776902887,0.5721784776902887,0.5721784776902887,0.5721784776902887,0.8705161854768154,0.8722659667541558,0.8727034120734908,0.8718285214348206,0.5708661417322834,0.5713035870516185,0.5144356955380577,0.5577427821522309,0.5535870516185476,0.4435695538057743,0.48687664041994755,0.46631671041119854,0.4304461942257218,0.45680227471566054
