,GANBLR++,GANBLR,CTGAN,NB,RLiG,GREAT,TABSYN
Adult,1.958691120147705,2.026162068049113,3.159315347671509,35.03726085027059,7.733649889628093,3.2629454135894775,2.6875571409861245
