,GANBLR++-LR,GANBLR++-MLP,GANBLR++-RF,GANBLR++-XGB,GANBLR++-AVG,GANBLR-LR,GANBLR-MLP,GANBLR-RF,GANBLR-XGB,GANBLR-AVG,CTGAN-LR,CTGAN-MLP,CTGAN-RF,CTGAN-XGB,CTGAN-AVG,CTABGAN-LR,CTABGAN-MLP,CTABGAN-RF,CTABGAN-XGB,CTABGAN-AVG,NB-LR,NB-MLP,NB-RF,NB-XGB,NB-AVG,RLIG-LR,RLIG-MLP,RLIG-RF,RLIG-XGB,RLIG-AVG,GREAT-LR,GREAT-MLP,GREAT-RF,GREAT-XGB,GREAT-AVG,DIST_SAMPL-LR,DIST_SAMPL-MLP,DIST_SAMPL-RF,DIST_SAMPL-XGB,DIST_SAMPL-AVG
Credit,0.862992125984252,0.8856517935258092,0.8673665791776027,0.8595800524934383,0.8688976377952756,0.8753280839895013,0.8889763779527559,0.8533683289588802,0.8671916010498689,0.8712160979877516,0.4178477690288714,0.42650918635170604,0.5475940507436571,0.39160104986876637,0.4458880139982502,0.8931758530183727,0.8883639545056868,0.8810148731408574,0.8895013123359581,0.8880139982502188,0.5721784776902887,0.5721784776902887,0.5721784776902887,0.5721784776902887,0.5721784776902887,0.7703412073490815,0.7687664041994751,0.6281714785651793,0.6251968503937009,0.6981189851268592,0.5695538057742782,0.5692038495188102,0.5020122484689414,0.5540682414698163,0.5487095363079615,0.4398950131233595,0.494575678040245,0.48276465441819766,0.4380577427821522,0.46382327209098856
