,RLIG,GANBLR,GANBLR++,CTGAN,CTABGAN,NB,GREAT,DIST_SAMPL
Credit,30.72961664199829,4.647337198257446,0.4350144863128662,24.89789843559265,31.91877007484436,0.0040283203125,688.7429449558258,0.04400205612182617
