,GANBLR++-LR,GANBLR++-MLP,GANBLR++-RF,GANBLR++-XGB,GANBLR++-AVG,GANBLR-LR,GANBLR-MLP,GANBLR-RF,GANBLR-XGB,GANBLR-AVG,CTGAN-LR,CTGAN-MLP,CTGAN-RF,CTGAN-XGB,CTGAN-AVG,CTABGAN-LR,CTABGAN-MLP,CTABGAN-RF,CTABGAN-XGB,CTABGAN-AVG,NB-LR,NB-MLP,NB-RF,NB-XGB,NB-AVG,RLiG-LR,RLiG-MLP,RLiG-RF,RLiG-AVG,GREAT-LR,GREAT-MLP,GREAT-RF,GREAT-XGB,GREAT-AVG,TABSYN-LR,TABSYN-MLP,TABSYN-RF,TABSYN-XGB,TABSYN-AVG
NSL-KDD,0.9186351706036745,0.9033245844269467,0.9037620297462817,0.9146981627296588,0.9101049868766404,0.9173228346456693,0.9133858267716536,0.8972003499562554,0.9081364829396326,0.9090113735783026,0.6430446194225722,0.5708661417322834,0.5901137357830272,0.5144356955380578,0.5796150481189851,0.8700787401574802,0.8473315835520561,0.8398950131233596,0.8569553805774278,0.8535651793525809,0.5721784776902887,0.5721784776902887,0.5721784776902887,0.5721784776902887,0.5721784776902887,0.9164479440069991,0.8972003499562554,0.9046369203849518,0.9060950714494022,0.24540682414698164,0.27252843394575677,0.19641294838145232,0.24934383202099739,0.240923009623797,0.6561679790026247,0.60498687664042,0.5778652668416449,0.5984251968503937,0.6093613298337709
