,GANBLR++,GANBLR,CTGAN,CTABGAN,NB,RLiG,GREAT,TABSYN
NSL-KDD,1.9433775742848713,2.110417286554972,3.509385267893473,2.2079997062683105,35.56737422943115,9.279979308446249,3.729872385660807,3.297365585962931
