,RLIG,GANBLR,GANBLR++,CTGAN,CTABGAN,NB,GREAT,DIST_SAMPL
Connect-4,31.685840606689453,4.671128273010254,0.41751909255981445,24.15657091140747,30.057275533676147,0.0030035972595214844,685.6558640003204,0.029003620147705078
