,GANBLR++-LR,GANBLR++-MLP,GANBLR++-RF,GANBLR++-XGB,GANBLR++-AVG,GANBLR-LR,GANBLR-MLP,GANBLR-RF,GANBLR-XGB,GANBLR-AVG,CTGAN-LR,CTGAN-MLP,CTGAN-RF,CTGAN-XGB,CTGAN-AVG,CTABGAN-LR,CTABGAN-MLP,CTABGAN-RF,CTABGAN-XGB,CTABGAN-AVG,NB-LR,NB-MLP,NB-RF,NB-XGB,NB-AVG,RLIG-LR,RLIG-MLP,RLIG-RF,RLIG-XGB,RLIG-AVG,GREAT-LR,GREAT-MLP,GREAT-RF,GREAT-XGB,GREAT-AVG,DIST_SAMPL-LR,DIST_SAMPL-MLP,DIST_SAMPL-RF,DIST_SAMPL-XGB,DIST_SAMPL-AVG
Connect-4,0.862992125984252,0.8876640419947507,0.8659667541557305,0.8595800524934383,0.8690507436570428,0.8753280839895013,0.8859142607174103,0.8539807524059492,0.8671916010498689,0.8706036745406823,0.4178477690288714,0.4259842519685039,0.5649168853893264,0.39160104986876637,0.45008748906386703,0.8979002624671916,0.8973753280839896,0.8758530183727035,0.8876640419947505,0.8896981627296587,0.5721784776902887,0.5721784776902887,0.5721784776902887,0.5721784776902887,0.5721784776902887,0.7703412073490815,0.7768153980752405,0.6328083989501313,0.6251968503937009,0.7012904636920384,0.5695538057742782,0.5698162729658792,0.5006124234470691,0.5540682414698163,0.5485126859142607,0.4398950131233595,0.5152230971128609,0.46911636045494315,0.4380577427821522,0.46557305336832894
