,GANBLR++,GANBLR,CTGAN,CTABGAN,NB,RLIG,GREAT,DIST_SAMPL
Adult,0.41523289680480957,5.099984645843506,24.79435443878174,30.720232009887695,0.0039653778076171875,30.879076957702637,698.0458264350891,0.030001163482666016
