,GANBLR++-bic,GANBLR-bic,NB-bic,RLIG-bic
Adult,-16082.728826438984,-17059.40236505241,2523.945383819128,-23360.01367953733
