,GANBLR++-LR,GANBLR++-MLP,GANBLR++-RF,GANBLR++-XGB,GANBLR++-AVG,GANBLR-LR,GANBLR-MLP,GANBLR-RF,GANBLR-XGB,GANBLR-AVG,CTGAN-LR,CTGAN-MLP,CTGAN-RF,CTGAN-XGB,CTGAN-AVG,CTABGAN-LR,CTABGAN-MLP,CTABGAN-RF,CTABGAN-XGB,CTABGAN-AVG,NB-LR,NB-MLP,NB-RF,NB-XGB,NB-AVG,RLIG-LR,RLIG-MLP,RLIG-RF,RLIG-AVG,GREAT-LR,GREAT-MLP,GREAT-RF,GREAT-XGB,GREAT-AVG,DIST_SAMPL-LR,DIST_SAMPL-MLP,DIST_SAMPL-RF,DIST_SAMPL-XGB,DIST_SAMPL-AVG
Adult,0.8451443569553806,0.863517060367454,0.8442694663167104,0.8398950131233596,0.8482064741907261,0.8595800524934383,0.8678915135608049,0.8407699037620296,0.8556430446194225,0.8559711286089238,0.4199475065616798,0.42607174103237094,0.5393700787401575,0.4015748031496063,0.4467410323709536,0.8858267716535432,0.8849518810148731,0.8709536307961505,0.8910761154855643,0.8832020997375327,0.5721784776902887,0.5721784776902887,0.5721784776902887,0.5721784776902887,0.5721784776902887,0.8814523184601925,0.8753280839895012,0.8731408573928259,0.8766404199475065,0.5708661417322834,0.5599300087489064,0.5122484689413823,0.5603674540682415,0.5508530183727034,0.4435695538057743,0.48337707786526685,0.4562554680664917,0.4304461942257218,0.45341207349081364
