,RLIG,GANBLR,GANBLR++,CTGAN,CTABGAN,NB,GREAT,DIST_SAMPL
NSL-KDD,30.719592332839966,4.684131860733032,0.4159576892852783,25.521918058395386,31.095726013183594,0.003000020980834961,690.0672397613525,0.03399920463562012
