,GANBLR++-LR,GANBLR++-MLP,GANBLR++-RF,GANBLR++-XGB,GANBLR++-AVG,GANBLR-LR,GANBLR-MLP,GANBLR-RF,GANBLR-XGB,GANBLR-AVG,CTGAN-LR,CTGAN-MLP,CTGAN-RF,CTGAN-XGB,CTGAN-AVG,CTABGAN-LR,CTABGAN-MLP,CTABGAN-RF,CTABGAN-XGB,CTABGAN-AVG,NB-LR,NB-MLP,NB-RF,NB-XGB,NB-AVG,RLIG-LR,RLIG-MLP,RLIG-RF,RLIG-XGB,RLIG-AVG,GREAT-LR,GREAT-MLP,GREAT-RF,GREAT-XGB,GREAT-AVG,DIST_SAMPL-LR,DIST_SAMPL-MLP,DIST_SAMPL-RF,DIST_SAMPL-XGB,DIST_SAMPL-AVG
NSL-KDD,0.862992125984252,0.8866141732283465,0.8678915135608051,0.8595800524934383,0.8692694663167103,0.8753280839895013,0.8952755905511811,0.8545931758530184,0.8671916010498689,0.8730971128608923,0.4178477690288714,0.4299212598425197,0.5398950131233596,0.39160104986876637,0.4448162729658793,0.8900262467191601,0.8874890638670166,0.8804024496937882,0.8876640419947505,0.886395450568679,0.5721784776902887,0.5709536307961506,0.5721784776902887,0.5721784776902887,0.5718722659667542,0.7703412073490815,0.7853893263342083,0.611111111111111,0.6251968503937009,0.6980096237970255,0.5695538057742782,0.5673665791776028,0.499737532808399,0.5540682414698163,0.5476815398075241,0.4398950131233595,0.5273840769903763,0.4970253718285214,0.4380577427821522,0.47559055118110233
