,GANBLR++,GANBLR,CTGAN,NB,RLiG,GREAT,TABSYN
Connect-4,2.024532953898112,1.848135232925415,3.219217538833618,35.806960582733154,9.651717901229858,4.326937754948934,3.4118492603302
