,GANBLR-LR,GANBLR-MLP,GANBLR-RF,GANBLR-XGB,GANBLR-AVG,CTGAN-LR,CTGAN-MLP,CTGAN-RF,CTGAN-XGB,CTGAN-AVG,NB-LR,NB-MLP,NB-RF,NB-XGB,NB-AVG,RLIG-LR,RLIG-MLP,RLIG-RF,RLIG-AVG,GREAT-LR,GREAT-MLP,GREAT-RF,GREAT-XGB,GREAT-AVG,DIST_SAMPL-LR,DIST_SAMPL-MLP,DIST_SAMPL-RF,DIST_SAMPL-XGB,DIST_SAMPL-AVG
Nursery,0.9035493827160493,0.8993055555555555,0.8504372427983539,0.8939043209876543,0.8867991255144032,0.33603395061728397,0.31185699588477367,0.3103137860082304,0.3275462962962963,0.3214377572016461,0.7982253086419752,0.8029835390946501,0.7366255144032922,0.7889660493827161,0.7817001028806584,0.9174382716049383,0.897633744855967,0.8888888888888888,0.9013203017832647,0.19907407407407407,0.19547325102880656,0.2166923868312757,0.21566358024691357,0.20672582304526751,0.3977623456790124,0.32368827160493824,0.31828703703703703,0.3109567901234568,0.33767361111111116
