,GANBLR++-bic,GANBLR-bic,NB-bic,RLIG-bic
Nursery,-122781.28903604472,-122842.9876354657,34994.84483628741,-122842.98741843783
