,GANBLR++,GANBLR,CTGAN,CTABGAN,NB,RLIG,GREAT,DIST_SAMPL
Nursery,0.5734221935272217,4.354863882064819,18.51359272003174,24.365248918533325,0.005998134613037109,56.85892415046692,725.0322766304016,0.040008544921875
