,NB-bic,RLIG-bic
Rice,2523.945383819128,-23360.01367953733
