,GANBLR++,GANBLR,CTGAN,NB,RLiG,GREAT,TABSYN
Magic,2.018664757410685,2.137081782023112,3.228198528289795,33.5619371732076,9.290865103403727,3.9646905263264975,3.263232866923014
Nursery,0.9658992290496826,0.9554879665374756,0.9374380906422933,3.8454761505126953,12.314935366312662,1.1889231999715169,0.8815414110819498
