,GANBLR++-bic,GANBLR-bic,NB-bic,RLIG-bic
letter_recog,-319830.4639616252,-328511.78782217595,67126.17120751066,-349206.48665356816
