,GANBLR++-LR,GANBLR++-MLP,GANBLR++-RF,GANBLR++-XGB,GANBLR++-AVG,GANBLR-LR,GANBLR-MLP,GANBLR-RF,GANBLR-XGB,GANBLR-AVG,CTGAN-LR,CTGAN-MLP,CTGAN-RF,CTGAN-XGB,CTGAN-AVG,CTABGAN-LR,CTABGAN-MLP,CTABGAN-RF,CTABGAN-XGB,CTABGAN-AVG,NB-LR,NB-MLP,NB-RF,NB-XGB,NB-AVG,RLIG-LR,RLIG-MLP,RLIG-RF,RLIG-AVG,GREAT-LR,GREAT-MLP,GREAT-RF,GREAT-XGB,GREAT-AVG
letter_recog,0.63775,0.6458333333333334,0.6065833333333334,0.6395,0.6324166666666667,0.62575,0.6145833333333334,0.5692499999999999,0.6,0.6023958333333335,0.021,0.030083333333333333,0.03933333333333333,0.026,0.029104166666666664,0.06225,0.05291666666666667,0.03866666666666666,0.045000000000000005,0.049708333333333334,0.04025,0.03808333333333333,0.04,0.04025,0.03964583333333333,0.6244999999999999,0.6136666666666667,0.5793333333333334,0.6058333333333333,0.03675,0.03675,0.0385,0.03725,0.0373125
