,GANBLR++,GANBLR,CTGAN,CTABGAN,NB,RLIG,GREAT,DIST_SAMPL
letter_recog,3.4365272521972656,4.599093437194824,46.258934020996094,36.59311866760254,0.014026165008544922,115.66235661506653,883.5649847984314,0.2254176139831543
