Model,Average Score
CTABGAN,0.8584437207230466
GANBLR,0.8485816387497798
GANBLR++,0.8433622386757103
RLIG,0.6849456467609976
NB,0.5831929592093387
GREAT,0.5156224063113318
DIST_SAMPL,0.4847157019071498
CTGAN,0.4625903268446596
