,TABDIFF-LR,TABDIFF-MLP,TABDIFF-RF,TABDIFF-XGB,TABDIFF-AVG
Car,0.6994219653179191,0.6714836223506744,0.42196531791907516,0.44508670520231214,0.5594894026974951
