Model-Classifier,Average Score
TABDIFF-MLP,0.48537287441491817
TABDIFF-LR,0.4794773001573158
TABDIFF-XGB,0.4564090767774696
TABDIFF-RF,0.37381078214481533
