,GANBLR++,GANBLR,CTGAN,CTABGAN,NB,RLIG,GREAT,DIST_SAMPL
covtype,1512.8992841243744,70.49383425712585,414.5645360946655,309.6062333583832,0.5592434406280518,8788.118826150894,6522.204201698303,19.39214301109314
