,GANBLR++-LR,GANBLR++-MLP,GANBLR++-RF,GANBLR++-AVG,GANBLR-LR,GANBLR-MLP,GANBLR-RF,GANBLR-AVG,CTGAN-LR,CTGAN-MLP,CTGAN-RF,CTGAN-AVG,CTABGAN-LR,CTABGAN-MLP,CTABGAN-RF,CTABGAN-XGB,CTABGAN-AVG,NB-LR,NB-MLP,NB-RF,NB-AVG,RLIG-LR,RLIG-MLP,RLIG-RF,RLIG-AVG,GREAT-LR,GREAT-MLP,GREAT-RF,GREAT-XGB,GREAT-AVG,DIST_SAMPL-LR,DIST_SAMPL-MLP,DIST_SAMPL-RF,DIST_SAMPL-AVG
covtype,0.6895002710773387,0.7006302189559076,0.6822256453505217,0.6907853784612561,0.6754042494599967,0.6759320614212484,0.6293813412734611,0.6602392173849022,0.42486854900475884,0.4320771982364196,0.4245214552693706,0.42715573417018304,0.17505572145297454,0.15543775404536317,0.16287301819516994,0.16334345929106822,0.16417748824614398,0.6832784007297574,0.4316555223760717,0.17476599858293962,0.4298999738962563,0.6822199082639863,0.6447337848420437,0.661629504688634,0.6628610659315547,0.0,2.0079802873706644e-05,0.002094036585400836,0.0,0.0005285290970686357,0.48741426641308744,0.4876351442446982,0.4302384620018416,0.4684292908865424
