,GANBLR++,GANBLR,CTGAN,CTABGAN,NB,RLiG,GREAT,TABSYN
Connect-4,2.0147252082824707,1.8916465441385906,3.2731594244639077,2.1813648541768393,35.60205849011739,6.783745686213176,1.933879295984904,3.2783185640970864
