,GANBLR++,GANBLR,CTGAN,CTABGAN,NB,RLiG,GREAT,TABSYN
'Room,2.101032574971517,1.9381693998972576,3.351334492365519,2.180654207865397,35.51711551348368,8.813315391540527,2.1281294027964273,3.241210381189982
Occupancy',0.9565207163492838,0.9868202209472656,0.9656904538472494,0.9144231478373209,0.9550799528757731,13.044602870941162,1.2154885133107503,0.9080266157786051
