,TABDIFF-LR,TABDIFF-MLP,TABDIFF-RF,TABDIFF-XGB,TABDIFF-AVG
maternal_health,0.3448275862068966,0.38259441707717573,0.27257799671592775,0.3596059113300492,0.3399014778325123
