,GANBLR++-LR,GANBLR++-MLP,GANBLR++-RF,GANBLR++-XGB,GANBLR++-AVG,GANBLR-LR,GANBLR-MLP,GANBLR-RF,GANBLR-XGB,GANBLR-AVG,CTGAN-LR,CTGAN-MLP,CTGAN-RF,CTGAN-XGB,CTGAN-AVG,CTABGAN-LR,CTABGAN-MLP,CTABGAN-RF,CTABGAN-XGB,CTABGAN-AVG,NB-LR,NB-MLP,NB-RF,NB-XGB,NB-AVG,RLIG-LR,RLIG-MLP,RLIG-RF,RLIG-AVG,GREAT-LR,GREAT-MLP,GREAT-RF,GREAT-XGB,GREAT-AVG,DIST_SAMPL-LR,DIST_SAMPL-MLP,DIST_SAMPL-RF,DIST_SAMPL-XGB,DIST_SAMPL-AVG
Connect-4,0.7390467732386027,0.7655170712453128,0.7358397473850404,0.7538484310242747,0.7485630057233076,0.6584517465956187,0.6583283994474048,0.6335602920860469,0.6568975725281232,0.6518095026642984,0.658303730017762,0.658303730017762,0.6581063745806196,0.658303730017762,0.6582543911584765,0.639801657785672,0.6386175251628182,0.6263568186303533,0.6386175251628182,0.6358483816854155,0.5741563055062167,0.5927817248865206,0.6295638444839154,0.5905861456483126,0.5967720051312413,0.7231843299782909,0.6509522399842116,0.6991069666469311,0.6910811788698111,0.09547069271758436,0.09547069271758436,0.09549536214722715,0.09554470100651273,0.09549536214722716,0.658303730017762,0.658303730017762,0.6547513321492007,0.6577116637063352,0.6572676139727649
