,GANBLR++,GANBLR,CTGAN,CTABGAN,NB,RLIG,GREAT,DIST_SAMPL
Connect-4,56.70911717414856,12.239368200302124,93.12635469436646,126.4663360118866,0.0615384578704834,725.7204442024231,1120.7156705856323,0.7012248039245605
