,GANBLR++-LR,GANBLR++-MLP,GANBLR++-RF,GANBLR++-XGB,GANBLR++-AVG,GANBLR-LR,GANBLR-MLP,GANBLR-RF,GANBLR-XGB,GANBLR-AVG,CTGAN-LR,CTGAN-MLP,CTGAN-RF,CTGAN-XGB,CTGAN-AVG,NB-LR,NB-MLP,NB-RF,NB-XGB,NB-AVG,RLiG-LR,RLiG-MLP,RLiG-RF,RLiG-AVG,GREAT-LR,GREAT-MLP,GREAT-RF,GREAT-XGB,GREAT-AVG,TABSYN-LR,TABSYN-MLP,TABSYN-RF,TABSYN-XGB,TABSYN-AVG
Magic,0.8451443569553806,0.863517060367454,0.8442694663167104,0.8398950131233596,0.8482064741907261,0.8595800524934383,0.8678915135608049,0.8407699037620296,0.8556430446194225,0.8559711286089238,0.5721784776902887,0.5656167979002625,0.6093613298337708,0.6482939632545932,0.5988626421697288,0.5721784776902887,0.5721784776902887,0.5721784776902887,0.5721784776902887,0.5721784776902887,0.8797025371828521,0.8722659667541558,0.8700787401574802,0.8740157480314962,0.5708661417322834,0.5708661417322834,0.5148731408573929,0.5603674540682415,0.5542432195975504,0.4435695538057743,0.5218722659667542,0.4619422572178477,0.4304461942257218,0.46445756780402453
Nursery,0.734375,0.7170138888888888,0.673611111111111,0.6354166666666666,0.6901041666666666,0.7291666666666666,0.6892361111111112,0.6736111111111112,0.6510416666666666,0.6857638888888888,0.609375,0.6371527777777778,0.5486111111111112,0.5520833333333334,0.5868055555555557,0.6510416666666666,0.6510416666666666,0.6510416666666666,0.6510416666666666,0.6510416666666666,0.701388888888889,0.8263888888888888,0.8055555555555557,0.7777777777777778,0.3177083333333333,0.2517361111111111,0.2829861111111111,0.2760416666666667,0.2821180555555556,0.640625,0.6024305555555555,0.5642361111111112,0.5572916666666666,0.5911458333333334
