,TABDIFF-LR,TABDIFF-MLP,TABDIFF-RF,TABDIFF-XGB,TABDIFF-AVG
TicTacToe,0.6510416666666666,0.6458333333333334,0.5086805555555555,0.5416666666666666,0.5868055555555555
