,TABDIFF-LR,TABDIFF-MLP,TABDIFF-RF,TABDIFF-XGB,TABDIFF-AVG
nursery,0.3229166666666667,0.28407921810699593,0.2547582304526749,0.2662037037037037,0.2819894547325103
