,GANBLR++,GANBLR,CTGAN,CTABGAN,NB,RLiG,GREAT,TABSYN
Rice,1.2823871771494548,1.1411058902740479,1.8366304238637288,1.2005372842152913,22.554274479548138,4.414074977238973,1.4332843621571858,1.8486018975575764
