,GANBLR++-LR,GANBLR++-MLP,GANBLR++-RF,GANBLR++-XGB,GANBLR++-AVG,GANBLR-LR,GANBLR-MLP,GANBLR-RF,GANBLR-XGB,GANBLR-AVG,CTGAN-LR,CTGAN-MLP,CTGAN-RF,CTGAN-XGB,CTGAN-AVG,NB-LR,NB-MLP,NB-RF,NB-XGB,NB-AVG,RLiG-LR,RLiG-MLP,RLiG-RF,RLiG-AVG,GREAT-LR,GREAT-MLP,GREAT-RF,GREAT-XGB,GREAT-AVG,TABSYN-LR,TABSYN-MLP,TABSYN-RF,TABSYN-XGB,TABSYN-AVG
Adult,0.9133858267716536,0.899387576552931,0.8976377952755904,0.910761154855643,0.9052930883639544,0.9173228346456693,0.9076990376202975,0.894575678040245,0.9081364829396326,0.906933508311461,0.45931758530183725,0.4864391951006124,0.5590551181102362,0.5538057742782152,0.5146544181977253,0.5721784776902887,0.5708661417322834,0.5721784776902887,0.5721784776902887,0.5718503937007874,0.9111986001749782,0.9055118110236221,0.9120734908136483,0.9095946340040828,0.24540682414698164,0.24628171478565178,0.20078740157480313,0.23359580052493442,0.23151793525809272,0.6561679790026247,0.5713035870516185,0.5831146106736659,0.5984251968503937,0.6022528433945756
