,GANBLR++,GANBLR,CTGAN,NB,RLiG,GREAT,TABSYN
Adult,1.9565659364064534,1.8632726669311523,3.293321450551351,34.34059445063273,7.745651721954346,2.250851313273112,3.240488131841024
