,GANBLR++,GANBLR,CTGAN,NB,RLiG,GREAT,TABSYN
Maternal Health,2.0605245431264243,1.9587283929189045,3.2588998476664224,33.55050071080526,9.493107716242472,4.185837507247925,3.352707783381144
Loan,0.9170815149943033,1.0252885818481445,0.9501152833302816,4.250618537267049,12.207029422124227,1.2180376847585042,0.900713841120402
