,GANBLR++,GANBLR,CTGAN,CTABGAN,NB,RLIG,GREAT,DIST_SAMPL
TicTacToe,0.40904664993286133,5.3610429763793945,24.220927476882935,30.602238655090332,0.0040073394775390625,30.101850271224976,698.845668554306,0.03668808937072754
