,GANBLR++,GANBLR,CTGAN,NB,RLiG,GREAT,TABSYN
Rice,2.014934698740641,1.8968346118927002,3.349836587905884,34.098486502965294,7.325423955917358,2.0637360413869223,3.2334113121032715
Car,0.9753891626993815,0.928037166595459,0.8929975032806396,4.283106962839763,11.87570317586263,1.2301987806955974,0.8998565673828125
