,TABDIFF-LR,TABDIFF-MLP,TABDIFF-RF,TABDIFF-XGB,TABDIFF-AVG
nsl-kdd,0.5338360785870212,0.5376728186809552,0.5427002712178343,0.5417741615399881,0.5389958325064498
