,GANBLR-SPLIT,GANBLR-KFOLD,GANBLR,CTABGAN-SPLIT,CTABGAN-KFOLD,CTABGAN,NB-SPLIT,NB-KFOLD,NB,RLIG-SPLIT,RLIG-KFOLD,RLIG
Rice,2.4082796573638916,13.37740707397461,15.785686731338501,2.127089579900106,28.038453976313274,30.16554355621338,35.86023767789205,228.04467503229776,263.9049127101898,7.457107384999593,15.011988560358683,22.469095945358276
