Model,Average Score,Average Time (s),Efficiency (Score/Time)
GANBLR,0.8078552503380259,1.52482170047182,0.5298030911339038
GANBLR++,0.8006886656923566,1.6134404630372017,0.49626167437570634
GREAT,0.4797638043680109,1.717843785430446,0.27928255667775687
CTGAN,0.5840354828161934,2.4224668127117734,0.2410912214571925
TABSYN,0.500403269903762,2.331656311473263,0.21461279153426388
RLiG,0.842619104430128,8.216199752056236,0.10255582019159759
NB,0.5937851074723614,22.387705737894233,0.026522820802816763
