Model,Average Score
RLiG,0.842619104430128
GANBLR,0.8078552503380259
GANBLR++,0.8006886656923566
NB,0.5937851074723614
CTGAN,0.5840354828161934
TABSYN,0.500403269903762
GREAT,0.4797638043680109
