,GANBLR++-LR,GANBLR++-MLP,GANBLR++-RF,GANBLR++-AVG,GANBLR-LR,GANBLR-MLP,GANBLR-RF,GANBLR-AVG,CTGAN-LR,CTGAN-MLP,CTGAN-RF,CTGAN-AVG,NB-LR,NB-MLP,NB-RF,NB-AVG,RLiG-LR,RLiG-MLP,RLiG-RF,RLiG-AVG
Rice,0.8482064741907261,0.8718285214348206,0.8464566929133858,0.8554972295129777,0.8534558180227472,0.8818897637795274,0.8451443569553806,0.8601633129192184,0.6386701662292213,0.6286089238845144,0.583989501312336,0.6170895304753573,0.5721784776902887,0.5721784776902887,0.5721784776902887,0.5721784776902887,0.8661417322834645,0.8731408573928259,0.8595800524934383,0.8662875473899097
TicTacToe,0.6944444444444445,0.6875,0.670138888888889,0.6840277777777778,0.6684027777777778,0.6545138888888888,0.6319444444444445,0.6516203703703703,0.6336805555555555,0.6440972222222222,0.5729166666666666,0.616898148148148,0.6510416666666666,0.6510416666666666,0.6510416666666666,0.6510416666666666,0.7118055555555555,0.7621527777777778,0.7361111111111112,0.7366898148148149
car,0.8497109826589595,0.7870905587668594,0.8439306358381503,0.8269107257546563,0.8236994219653179,0.7427745664739884,0.7986512524084778,0.7883750802825947,0.6994219653179191,0.6917148362235067,0.6281310211946051,0.6730892742453437,0.6994219653179191,0.6955684007707129,0.6994219653179191,0.6981374438021838,0.8140655105973025,0.8285163776493256,0.8198458574181117,0.8208092485549132
