,GANBLR++,GANBLR,CTGAN,NB,RLiG
Rice,0.32274365425109863,0.30403296152750653,0.4692513147989909,2.8638340632120767,1.1403947671254475
TicTacToe,0.2012027104695638,0.20258029301961264,0.21083831787109375,0.5479897658030192,1.7142143249511719
car,0.38079237937927246,0.3858451843261719,0.5063926378885905,1.0001779397328694,1.4277427196502686
