,TABDIFF-LR,TABDIFF-MLP,TABDIFF-RF,TABDIFF-XGB,TABDIFF-AVG
letter_recog,0.0085,0.03941666666666666,0.02025,0.0027500000000000003,0.017729166666666667
