,GANBLR++-LR,GANBLR++-MLP,GANBLR++-RF,GANBLR++-XGB,GANBLR++-AVG,GANBLR-LR,GANBLR-MLP,GANBLR-RF,GANBLR-XGB,GANBLR-AVG,CTGAN-LR,CTGAN-MLP,CTGAN-RF,CTGAN-XGB,CTGAN-AVG,CTABGAN-LR,CTABGAN-MLP,CTABGAN-RF,CTABGAN-XGB,CTABGAN-AVG,NB-LR,NB-MLP,NB-RF,NB-XGB,NB-AVG,RLiG-LR,RLiG-MLP,RLiG-RF,RLiG-AVG,GREAT-LR,GREAT-MLP,GREAT-RF,GREAT-XGB,GREAT-AVG,TABSYN-LR,TABSYN-MLP,TABSYN-RF,TABSYN-XGB,TABSYN-AVG
TicTacToe,0.9133858267716536,0.899387576552931,0.8976377952755904,0.910761154855643,0.9052930883639544,0.9173228346456693,0.9076990376202975,0.894575678040245,0.9081364829396326,0.906933508311461,0.6430446194225722,0.5643044619422573,0.5905511811023622,0.5144356955380578,0.5780839895013123,0.8503937007874015,0.8661417322834645,0.8377077865266841,0.8490813648293963,0.8508311461067367,0.5721784776902887,0.5721784776902887,0.5721784776902887,0.5721784776902887,0.5721784776902887,0.9033245844269465,0.8888888888888888,0.8972003499562554,0.8964712744240303,0.24540682414698164,0.29133858267716534,0.19772528433945757,0.22047244094488186,0.23873578302712165,0.6561679790026247,0.6259842519685038,0.5993000874890638,0.5984251968503937,0.6199693788276466
