,GANBLR++-LR,GANBLR++-MLP,GANBLR++-RF,GANBLR++-XGB,GANBLR++-AVG,GANBLR-LR,GANBLR-MLP,GANBLR-RF,GANBLR-XGB,GANBLR-AVG,CTGAN-LR,CTGAN-MLP,CTGAN-RF,CTGAN-XGB,CTGAN-AVG,NB-LR,NB-MLP,NB-RF,NB-XGB,NB-AVG,RLiG-LR,RLiG-MLP,RLiG-RF,RLiG-AVG,GREAT-LR,GREAT-MLP,GREAT-RF,GREAT-XGB,GREAT-AVG,TABSYN-LR,TABSYN-MLP,TABSYN-RF,TABSYN-XGB,TABSYN-AVG
letter_rocog,0.9186351706036745,0.9033245844269467,0.9037620297462817,0.9146981627296588,0.9101049868766404,0.9173228346456693,0.9133858267716536,0.8972003499562554,0.9081364829396326,0.9090113735783026,0.45931758530183725,0.5586176727909011,0.5511811023622047,0.5538057742782152,0.5307305336832896,0.5721784776902887,0.5721784776902887,0.5721784776902887,0.5721784776902887,0.5721784776902887,0.9116360454943132,0.8919510061242345,0.9033245844269465,0.9023038786818315,0.24540682414698164,0.3057742782152231,0.20341207349081367,0.23359580052493442,0.2470472440944882,0.6561679790026247,0.5835520559930009,0.5756780402449694,0.5984251968503937,0.6034558180227472
