,GANBLR++,GANBLR,CTGAN,NB,RLiG,GREAT,TABSYN
letter_rocog,1.9893115361531575,1.8694648742675781,3.336409568786621,33.97125800450643,8.324956178665161,1.9378528594970703,3.136892636617025
