,GANBLR++,GANBLR,CTGAN,CTABGAN,NB,RLiG,GREAT,TABSYN
Nursery,1.960928996404012,2.114522377649943,3.5078404744466147,2.0555338859558105,37.131378809611,9.228075663248697,3.9154175917307534,3.2009432315826416
