,GANBLR++,GANBLR,CTGAN,CTABGAN,NB,RLIG,GREAT,DIST_SAMPL
Chess,0.4126622676849365,5.043639421463013,24.20890736579895,30.66564416885376,0.003998517990112305,30.800972938537598,698.9356043338776,0.030007600784301758
