,GANBLR++-LR,GANBLR++-MLP,GANBLR++-RF,GANBLR++-XGB,GANBLR++-AVG,GANBLR-LR,GANBLR-MLP,GANBLR-RF,GANBLR-XGB,GANBLR-AVG,CTGAN-LR,CTGAN-MLP,CTGAN-RF,CTGAN-XGB,CTGAN-AVG,CTABGAN-LR,CTABGAN-MLP,CTABGAN-RF,CTABGAN-XGB,CTABGAN-AVG,NB-LR,NB-MLP,NB-RF,NB-XGB,NB-AVG,RLiG-LR,RLiG-MLP,RLiG-RF,RLiG-AVG,GREAT-LR,GREAT-MLP,GREAT-RF,GREAT-XGB,GREAT-AVG,TABSYN-LR,TABSYN-MLP,TABSYN-RF,TABSYN-XGB,TABSYN-AVG
Magic,0.9186351706036745,0.9072615923009625,0.9028871391076115,0.9133858267716536,0.9105424321959755,0.9173228346456693,0.9046369203849519,0.8976377952755906,0.9081364829396326,0.906933508311461,0.6430446194225722,0.5743657042869642,0.5765529308836396,0.5144356955380578,0.5770997375328084,0.8661417322834645,0.8827646544181977,0.8206474190726158,0.8333333333333334,0.850721784776903,0.5721784776902887,0.5721784776902887,0.5721784776902887,0.5721784776902887,0.5721784776902887,0.9098862642169729,0.9006999125109361,0.9002624671916011,0.9036162146398367,0.24540682414698164,0.24628171478565183,0.20166229221347332,0.2664041994750656,0.23993875765529307,0.6561679790026247,0.5918635170603674,0.5800524934383202,0.5984251968503937,0.6066272965879266
