,GANBLR++,GANBLR,CTGAN,CTABGAN,NB,GREAT,TABSYN
Car,58.057147900263466,61.00101685523987,90.97330077489217,88.52336319287618,90.3524621327718,0.16571776072184244,95.365558385849
