,GANBLR++,GANBLR,CTGAN,CTABGAN,NB,RLiG,GREAT,TABSYN
'Maternal,2.108237346013387,2.0455857117970786,3.397855043411255,2.1363996664683023,34.78526075681051,8.513189474741617,2.0924251874287925,3.387879212697347
Health',0.9860448837280273,0.9699926376342773,0.9585345586140951,0.9274147351582845,0.9589037895202637,11.741600275039673,1.2935495376586914,0.9327014287312826
