,GANBLR++-LR,GANBLR++-MLP,GANBLR++-RF,GANBLR++-XGB,GANBLR++-AVG,GANBLR-LR,GANBLR-MLP,GANBLR-RF,GANBLR-XGB,GANBLR-AVG,CTGAN-LR,CTGAN-MLP,CTGAN-RF,CTGAN-XGB,CTGAN-AVG,CTABGAN-LR,CTABGAN-MLP,CTABGAN-RF,CTABGAN-XGB,CTABGAN-AVG,NB-LR,NB-MLP,NB-RF,NB-XGB,NB-AVG,RLiG-LR,RLiG-MLP,RLiG-RF,RLiG-AVG,GREAT-LR,GREAT-MLP,GREAT-RF,GREAT-XGB,GREAT-AVG,TABSYN-LR,TABSYN-MLP,TABSYN-RF,TABSYN-XGB,TABSYN-AVG
'Maternal,0.8451443569553806,0.863517060367454,0.8442694663167104,0.8398950131233596,0.8482064741907261,0.8595800524934383,0.8678915135608049,0.8407699037620296,0.8556430446194225,0.8559711286089238,0.4199475065616798,0.42607174103237094,0.5393700787401575,0.4015748031496063,0.4467410323709536,0.884514435695538,0.884076990376203,0.8670166229221348,0.8674540682414699,0.8757655293088363,0.5721784776902887,0.5721784776902887,0.5721784776902887,0.5721784776902887,0.5721784776902887,0.8867016622922135,0.8792650918635171,0.8871391076115486,0.8843686205890929,0.5708661417322834,0.5691163604549431,0.515310586176728,0.5603674540682415,0.5539151356080491,0.4435695538057743,0.5341207349081365,0.45844269466316706,0.4304461942257218,0.46664479440069995
Health',0.6822916666666666,0.6788194444444445,0.6475694444444445,0.65625,0.6662326388888888,0.7291666666666666,0.6875,0.6545138888888888,0.6510416666666666,0.6805555555555554,0.609375,0.6475694444444445,0.5694444444444443,0.5520833333333334,0.5946180555555557,0.6510416666666666,0.6475694444444445,0.609375,0.6145833333333334,0.6306423611111112,0.6666666666666666,0.670138888888889,0.673611111111111,0.6302083333333334,0.66015625,0.7239583333333334,0.8333333333333334,0.8263888888888888,0.7945601851851851,0.3177083333333333,0.24826388888888887,0.2916666666666667,0.28125,0.28472222222222215,0.640625,0.6493055555555555,0.5729166666666666,0.5572916666666666,0.6050347222222222
