,TABDIFF-LR,TABDIFF-MLP,TABDIFF-RF,TABDIFF-AVG
covtype,0.474170202146244,0.33081762088758465,0.17899709990275636,0.32799497431219504
