,RLIG,GANBLR,GANBLR++,CTGAN,CTABGAN,NB,GREAT,DIST_SAMPL
Loan,32.31738519668579,4.823308229446411,0.4470221996307373,25.524851322174072,30.788421392440796,0.004009723663330078,687.6027216911316,0.08100628852844238
