,GANBLR++-LR,GANBLR++-MLP,GANBLR++-RF,GANBLR++-XGB,GANBLR++-AVG,GANBLR-LR,GANBLR-MLP,GANBLR-RF,GANBLR-XGB,GANBLR-AVG,CTGAN-LR,CTGAN-MLP,CTGAN-RF,CTGAN-XGB,CTGAN-AVG,CTABGAN-LR,CTABGAN-MLP,CTABGAN-RF,CTABGAN-XGB,CTABGAN-AVG,NB-LR,NB-MLP,NB-RF,NB-XGB,NB-AVG,RLIG-LR,RLIG-MLP,RLIG-RF,RLIG-XGB,RLIG-AVG,GREAT-LR,GREAT-MLP,GREAT-RF,GREAT-XGB,GREAT-AVG,DIST_SAMPL-LR,DIST_SAMPL-MLP,DIST_SAMPL-RF,DIST_SAMPL-XGB,DIST_SAMPL-AVG
Loan,0.862992125984252,0.8881014873140858,0.8628171478565179,0.8595800524934383,0.8683727034120734,0.8753280839895013,0.8832020997375327,0.85249343832021,0.8671916010498689,0.8695538057742782,0.4178477690288714,0.4239720034995626,0.5510936132983376,0.39160104986876637,0.4461286089238845,0.8942257217847769,0.8931758530183727,0.874015748031496,0.8963254593175853,0.8894356955380577,0.5721784776902887,0.5721784776902887,0.5721784776902887,0.5721784776902887,0.5721784776902887,0.7703412073490815,0.7871391076115485,0.6193350831146107,0.6251968503937009,0.7005030621172352,0.5695538057742782,0.5718285214348207,0.4951006124234471,0.5519685039370079,0.5471128608923884,0.4398950131233595,0.49483814523184605,0.47900262467191607,0.4380577427821522,0.4629483814523185
