,TABDIFF-LR,TABDIFF-MLP,TABDIFF-RF,TABDIFF-XGB,TABDIFF-AVG
adult,0.7606715119254787,0.7606715119254787,0.2504862319582352,0.7606715119254787,0.6331251919336677
