,GANBLR++-LR,GANBLR++-MLP,GANBLR++-RF,GANBLR++-XGB,GANBLR++-AVG,GANBLR-LR,GANBLR-MLP,GANBLR-RF,GANBLR-XGB,GANBLR-AVG,CTGAN-LR,CTGAN-MLP,CTGAN-RF,CTGAN-XGB,CTGAN-AVG,CTABGAN-LR,CTABGAN-MLP,CTABGAN-RF,CTABGAN-XGB,CTABGAN-AVG,NB-LR,NB-MLP,NB-RF,NB-XGB,NB-AVG,RLiG-LR,RLiG-MLP,RLiG-RF,RLiG-AVG,GREAT-LR,GREAT-MLP,GREAT-RF,GREAT-XGB,GREAT-AVG,TABSYN-LR,TABSYN-MLP,TABSYN-RF,TABSYN-XGB,TABSYN-AVG
Room Occupancy,0.9133858267716536,0.899387576552931,0.8976377952755904,0.910761154855643,0.9052930883639544,0.9173228346456693,0.9076990376202975,0.894575678040245,0.9081364829396326,0.906933508311461,0.6430446194225722,0.5643044619422573,0.5905511811023622,0.5144356955380578,0.5780839895013123,0.8543307086614172,0.8783902012248469,0.8451443569553806,0.847769028871391,0.8564085739282591,0.5721784776902887,0.5721784776902887,0.5721784776902887,0.5721784776902887,0.5721784776902887,0.916010498687664,0.9133858267716536,0.9138232720909887,0.9144065325167688,0.24540682414698164,0.28215223097112857,0.1889763779527559,0.24934383202099739,0.2414698162729659,0.6561679790026247,0.6071741032370953,0.5953630796150481,0.5984251968503937,0.6142825896762906
