,GANBLR++,GANBLR,CTGAN,NB,RLiG,GREAT,TABSYN
TicTacToe,1.7842433452606201,1.6510886351267497,2.882469733556112,30.083600123723347,6.072673320770264,1.8591959476470947,2.970411539077759
Chess,1.0224358240763347,0.9125275611877441,0.9807918866475424,4.294279098510742,11.953166166941324,1.255804459253947,0.8252437909444174
