,GANBLR++-LR,GANBLR++-MLP,GANBLR++-RF,GANBLR++-XGB,GANBLR++-AVG,GANBLR-LR,GANBLR-MLP,GANBLR-RF,GANBLR-XGB,GANBLR-AVG,CTGAN-LR,CTGAN-MLP,CTGAN-RF,CTGAN-XGB,CTGAN-AVG,CTABGAN-LR,CTABGAN-MLP,CTABGAN-RF,CTABGAN-XGB,CTABGAN-AVG,NB-LR,NB-MLP,NB-RF,NB-XGB,NB-AVG,RLIG-LR,RLIG-MLP,RLIG-RF,RLIG-XGB,RLIG-AVG,GREAT-LR,GREAT-MLP,GREAT-RF,GREAT-XGB,GREAT-AVG,DIST_SAMPL-LR,DIST_SAMPL-MLP,DIST_SAMPL-RF,DIST_SAMPL-XGB,DIST_SAMPL-AVG
Chess,0.862992125984252,0.8878390201224846,0.8659667541557305,0.8595800524934383,0.8690944881889763,0.8753280839895013,0.8931758530183727,0.8564304461942257,0.8671916010498689,0.8730314960629921,0.4178477690288714,0.42948381452318457,0.5496062992125984,0.39160104986876637,0.4471347331583552,0.8939632545931758,0.8917760279965004,0.8671041119860017,0.8782152230971129,0.8827646544181977,0.5721784776902887,0.5721784776902887,0.5721784776902887,0.5721784776902887,0.5721784776902887,0.7703412073490815,0.783639545056868,0.6194225721784777,0.6251968503937009,0.699650043744532,0.5695538057742782,0.5718285214348207,0.5017497812773404,0.5519685039370079,0.5487751531058618,0.4398950131233595,0.5027121609798776,0.4875765529308837,0.4380577427821522,0.46706036745406826
