,RLIG,GANBLR,GANBLR++,CTGAN,CTABGAN,NB,GREAT,DIST_SAMPL
Chess,30.965419054031372,5.139126777648926,0.4244260787963867,23.70937705039978,30.48802399635315,0.004002094268798828,689.1998884677887,0.04100155830383301
