,GANBLR++,GANBLR,CTGAN,CTABGAN,NB,RLiG,GREAT,TABSYN
Car,2.0531418323516846,1.8975977897644043,3.2605772018432617,2.1228952407836914,35.89668329556783,6.305773576100667,2.0139504273732505,3.2012919584910073
