,GANBLR++,GANBLR,CTGAN,CTABGAN,NB,RLIG,GREAT,DIST_SAMPL
Room_Occupancy,3.488252878189087,4.9239678382873535,37.33859968185425,17.79520606994629,0.008002996444702148,121.88623070716858,796.0431168079376,0.13808894157409668
