,GANBLR++-LR,GANBLR++-MLP,GANBLR++-RF,GANBLR++-XGB,GANBLR++-AVG,GANBLR-LR,GANBLR-MLP,GANBLR-RF,GANBLR-XGB,GANBLR-AVG,CTGAN-LR,CTGAN-MLP,CTGAN-RF,CTGAN-XGB,CTGAN-AVG,CTABGAN-LR,CTABGAN-MLP,CTABGAN-RF,CTABGAN-XGB,CTABGAN-AVG,NB-LR,NB-MLP,NB-RF,NB-XGB,NB-AVG,RLIG-LR,RLIG-MLP,RLIG-RF,RLIG-AVG,DIST_SAMPL-LR,DIST_SAMPL-MLP,DIST_SAMPL-RF,DIST_SAMPL-XGB,DIST_SAMPL-AVG
Room_Occupancy,0.991609081934847,0.9906219151036525,0.9904573872984535,0.993583415597236,0.9915679499835472,0.9975320829220138,0.9955577492596248,0.9962158604804211,0.9970384995064165,0.996586048042119,0.8163869693978283,0.8129318854886476,0.7494241526818032,0.7951628825271472,0.7934764725238566,0.8988153998025666,0.8923988153998025,0.8937150378413952,0.8998025666337611,0.8961829549193814,0.8124383020730503,0.8124383020730503,0.8124383020730503,0.8124383020730503,0.8124383020730503,0.9764725238565317,0.976966107272129,0.9802566633761106,0.9778984315015903,0.8124383020730503,0.8124383020730503,0.8124383020730503,0.8149062191510366,0.8130552813425469
