,GANBLR++-bic,GANBLR-bic,NB-bic,RLIG-bic
Room_Occupancy,-198955.91645377307,-241176.68399373535,6691.74379606608,-216780.09629805534
