,GANBLR++,GANBLR,CTGAN,NB,RLiG,GREAT,TABSYN
letter_rocog,1.9335822264353435,2.1186940670013428,3.2189038594563804,33.42801229159037,9.097410599390665,3.6186342239379883,3.1628918647766113
