,GANBLR++,GANBLR,CTGAN,CTABGAN,NB,RLIG,GREAT,DIST_SAMPL
Chess,24.57201910018921,4.89553165435791,35.87757849693298,16.668100118637085,0.005072355270385742,175.88160610198975,696.0977375507355,0.03453707695007324
