,GANBLR++-LR,GANBLR++-MLP,GANBLR++-RF,GANBLR++-XGB,GANBLR++-AVG,GANBLR-LR,GANBLR-MLP,GANBLR-RF,GANBLR-XGB,GANBLR-AVG,CTGAN-LR,CTGAN-MLP,CTGAN-RF,CTGAN-XGB,CTGAN-AVG,CTABGAN-LR,CTABGAN-MLP,CTABGAN-RF,CTABGAN-XGB,CTABGAN-AVG,NB-LR,NB-MLP,NB-RF,NB-XGB,NB-AVG,RLIG-LR,RLIG-MLP,RLIG-RF,RLIG-AVG,DIST_SAMPL-LR,DIST_SAMPL-MLP,DIST_SAMPL-RF,DIST_SAMPL-XGB,DIST_SAMPL-AVG
Chess,0.946875,0.9416666666666668,0.9401041666666666,0.94375,0.9430989583333335,0.9109374999999998,0.8697916666666666,0.8260416666666667,0.8874999999999998,0.8735677083333334,0.4421875,0.49062500000000003,0.45677083333333335,0.45625,0.4614583333333333,0.5484375,0.5411458333333333,0.5151041666666667,0.521875,0.5316406250000001,0.8359375,0.7770833333333332,0.7645833333333334,0.7546874999999998,0.7830729166666668,0.865625,0.8510416666666667,0.8473958333333332,0.8546874999999999,0.4765625,0.5067708333333333,0.5369791666666667,0.5640625,0.52109375
