,GANBLR++,GANBLR,CTGAN,CTABGAN,NB,RLiG,GREAT,TABSYN
Car,1.2112154960632324,1.1517855326334636,1.8075955708821614,1.2002065976460774,21.722725947697956,4.429620027542114,1.4212466875712078,1.8063178062438965
