,GANBLR++,GANBLR,CTGAN,CTABGAN,NB,RLIG,GREAT,DIST_SAMPL
Credit,0.4567291736602783,4.784207105636597,25.482595205307007,30.432099103927612,0.005013465881347656,30.557915925979614,697.9639041423798,0.040659427642822266
