,TABDIFF-LR,TABDIFF-MLP,TABDIFF-RF,TABDIFF-XGB,TABDIFF-AVG
Magic,0.6277602523659306,0.5346126883981773,0.4779179810725552,0.5157728706624606,0.5390159481247809
