,GANBLR++,GANBLR,CTGAN,CTABGAN,NB,RLiG,GREAT,TABSYN
Nursery,1.9909805456797283,1.9545069535573323,3.2393201192220054,1.9751869042714436,36.07793696721395,7.881558338801066,1.9928739070892334,3.1238579750061035
