,GANBLR++-LR,GANBLR++-MLP,GANBLR++-RF,GANBLR++-XGB,GANBLR++-AVG,GANBLR-LR,GANBLR-MLP,GANBLR-RF,GANBLR-XGB,GANBLR-AVG,CTGAN-LR,CTGAN-MLP,CTGAN-RF,CTGAN-XGB,CTGAN-AVG,CTABGAN-LR,CTABGAN-MLP,CTABGAN-RF,CTABGAN-XGB,CTABGAN-AVG,NB-LR,NB-MLP,NB-RF,NB-XGB,NB-AVG,RLiG-LR,RLiG-MLP,RLiG-RF,RLiG-AVG,GREAT-LR,GREAT-MLP,GREAT-RF,GREAT-XGB,GREAT-AVG,TABSYN-LR,TABSYN-MLP,TABSYN-RF,TABSYN-XGB,TABSYN-AVG
Nursery,0.8451443569553806,0.863517060367454,0.8442694663167104,0.8398950131233596,0.8482064741907261,0.8595800524934383,0.8678915135608049,0.8407699037620296,0.8556430446194225,0.8559711286089238,0.4199475065616798,0.42607174103237094,0.5393700787401575,0.4015748031496063,0.4467410323709536,0.8805774278215223,0.8770778652668416,0.8648293963254593,0.8832020997375328,0.876421697287839,0.5721784776902887,0.5721784776902887,0.5721784776902887,0.5721784776902887,0.5721784776902887,0.8687664041994752,0.8792650918635171,0.8797025371828521,0.8759113444152814,0.5708661417322834,0.5708661417322834,0.5091863517060368,0.5577427821522309,0.5521653543307087,0.4435695538057743,0.5380577427821523,0.5096237970253719,0.4304461942257218,0.48042432195975504
