,GANBLR++-bic,GANBLR-bic,NB-bic,RLIG-bic
'Maternal,-16082.728826438984,-17059.40236505241,2523.945383819128,-23360.01367953733
Health',-8613.412418704887,-8614.806726200826,1122.2278507759197,-8672.142588795723
