,GANBLR++,GANBLR,CTGAN,CTABGAN,NB,RLIG,GREAT,DIST_SAMPL
'Maternal,0.4267458915710449,4.980031490325928,25.317432165145874,30.62750005722046,0.00400090217590332,30.276071786880493,700.8640387058258,0.042052268981933594
Health',0.6008985042572021,4.90233588218689,14.936145544052124,5.703808784484863,0.003006458282470703,29.030824184417725,178.07478666305542,0.011004447937011719
