,GANBLR++-LR,GANBLR++-MLP,GANBLR++-RF,GANBLR++-XGB,GANBLR++-AVG,GANBLR-LR,GANBLR-MLP,GANBLR-RF,GANBLR-XGB,GANBLR-AVG,CTGAN-LR,CTGAN-MLP,CTGAN-RF,CTGAN-XGB,CTGAN-AVG,CTABGAN-LR,CTABGAN-MLP,CTABGAN-RF,CTABGAN-XGB,CTABGAN-AVG,NB-LR,NB-MLP,NB-RF,NB-XGB,NB-AVG,RLiG-LR,RLiG-MLP,RLiG-RF,RLiG-AVG,GREAT-LR,GREAT-MLP,GREAT-RF,GREAT-XGB,GREAT-AVG,TABSYN-LR,TABSYN-MLP,TABSYN-RF,TABSYN-XGB,TABSYN-AVG
Chess,0.9186351706036745,0.9033245844269467,0.9037620297462817,0.9146981627296588,0.9101049868766404,0.9173228346456693,0.9133858267716536,0.8972003499562554,0.9081364829396326,0.9090113735783026,0.6430446194225722,0.5708661417322834,0.5901137357830272,0.5144356955380578,0.5796150481189851,0.8543307086614172,0.8705161854768154,0.8499562554680665,0.8517060367454068,0.8566272965879266,0.5721784776902887,0.5721784776902887,0.5721784776902887,0.5721784776902887,0.5721784776902887,0.915573053368329,0.9068241469816273,0.9098862642169729,0.910761154855643,0.24540682414698164,0.2532808398950131,0.20166229221347332,0.25065616797900264,0.23775153105861765,0.6561679790026247,0.6351706036745407,0.583989501312336,0.5984251968503937,0.6184383202099738
