,GANBLR++,GANBLR,CTGAN,CTABGAN,NB,RLIG,GREAT,DIST_SAMPL
Magic,0.429337739944458,5.035965919494629,25.679198741912842,30.437702655792236,0.004000425338745117,29.38571333885193,699.4046921730042,0.033010005950927734
